"","Temp.C","temp.Cat","trial","treatment","genotype","fragment.ID","individual.ID","rate.type","umol.cm2.hr","log.rate","K"
"1",26.411042815,"27",2706,"T1","K2","K201a","K201","GP",0.944549357,0.6650302571663,299.561042815
"2",26.285931415,"28",2801,"T1","K2","K201a","K201","GP",1.080211322,0.732469485667974,299.435931415
"3",26.442051465,"29",2903,"T1","K2","K201a","K201","GP",1.249661946,0.810779958706012,299.592051465
"4",26.34798866,"30",3004,"T1","K2","K201a","K201","GP",0.917723233,0.651138666257581,299.49798866
"5",26.40792688,"31",3106,"T1","K2","K201a","K201","GP",0.912495023,0.648408684362227,299.55792688
"6",26.495725565,"32",3202,"T1","K2","K201a","K201","GP",1.398171405,0.874706532366132,299.645725565
"7",26.427346165,"33",3303,"T1","K2","K201a","K201","GP",1.084311167,0.734438425125175,299.577346165
"8",26.42070666,"34",3405,"T1","K2","K201a","K201","GP",0.48103359,0.392740215649662,299.57070666
"9",26.418751425,"27",2703,"T1","K2","K201b","K201","GP",0.921891138,0.653309668985621,299.568751425
"10",26.454835115,"28",2805,"T1","K2","K201b","K201","GP",0.901125638,0.642446151801108,299.604835115
"11",26.296779,"29",2906,"T1","K2","K201b","K201","GP",0.821747016,0.599795939581459,299.446779
"12",26.486800255,"30",3002,"T1","K2","K201b","K201","GP",1.10422596,0.743947684546249,299.636800255
"13",26.35641924,"31",3104,"T1","K2","K201b","K201","GP",1.239327476,0.806175586859148,299.50641924
"14",26.23352487,"32",3205,"T1","K2","K201b","K201","GP",1.00739541,0.696838065855146,299.38352487
"15",26.40047864,"33",3301,"T1","K2","K201b","K201","GP",1.20259309,0.789635343542296,299.55047864
"16",26.26095583,"34",3402,"T1","K2","K201b","K201","GP",0.740444309,0.554140430630175,299.41095583
"17",26.396846925,"27",2701,"T1","K2","K201c","K201","GP",0.990289955,0.688280334152459,299.546846925
"18",26.40850227,"28",2803,"T1","K2","K201c","K201","GP",1.053404045,0.719498925784361,299.55850227
"19",26.28914571,"29",2904,"T1","K2","K201c","K201","GP",1.219934754,0.797477805362201,299.43914571
"20",26.22156436,"30",3006,"T1","K2","K201c","K201","GP",0.578296021,0.456345797352585,299.37156436
"21",26.32101657,"31",3102,"T1","K2","K201c","K201","GP",1.374653292,0.86485144451436,299.47101657
"22",26.438263855,"32",3203,"T1","K2","K201c","K201","GP",1.290896787,0.828943350950616,299.588263855
"23",26.31917945,"33",3305,"T1","K2","K201c","K201","GP",0.841044261,0.610332943787036,299.46917945
"24",26.422506205,"34",3406,"T1","K2","K201c","K201","GP",0.353988793,0.303054897498665,299.572506205
"25",26.425956665,"27",2704,"T1","K2","K201d","K201","GP",0.841320413,0.610482930018692,299.575956665
"26",26.424582585,"28",2805,"T1","K2","K201d","K201","GP",0.996991159,0.691641627283167,299.574582585
"27",26.464896135,"29",2901,"T1","K2","K201d","K201","GP",1.322394486,0.842598759457466,299.614896135
"28",26.344990565,"30",3002,"T1","K2","K201d","K201","GP",1.034962991,0.7104776324884,299.494990565
"29",26.33136031,"31",3104,"T1","K2","K201d","K201","GP",1.325326144,0.84386030619067,299.48136031
"30",26.34300791,"32",3206,"T1","K2","K201d","K201","GP",0.836736346,0.607990271708123,299.49300791
"31",26.469831565,"33",3301,"T1","K2","K201d","K201","GP",1.294753811,0.830625565863042,299.619831565
"32",26.27403809,"34",3403,"T1","K2","K201d","K201","GP",0.674844205,0.515720149010852,299.42403809
"33",26.31821738,"27",2706,"T2","K2","K202a","K202","GP",0.921630488,0.653174038162765,299.46821738
"34",26.40407251,"28",2801,"T2","K2","K202a","K202","GP",1.111393512,0.747348161726073,299.55407251
"35",26.456289475,"29",2903,"T2","K2","K202a","K202","GP",1.234973843,0.804229524641343,299.606289475
"36",26.46780414,"30",3004,"T2","K2","K202a","K202","GP",0.821359036,0.599582945506662,299.61780414
"37",26.378185845,"31",3106,"T2","K2","K202a","K202","GP",1.110871355,0.747100826696599,299.528185845
"38",26.36363632,"32",3202,"T2","K2","K202a","K202","GP",1.439797006,0.891914841581981,299.51363632
"39",26.34473143,"33",3303,"T2","K2","K202a","K202","GP",1.230809898,0.802364702496701,299.49473143
"40",26.41858541,"34",3405,"T2","K2","K202a","K202","GP",0.540276944,0.431962234023618,299.56858541
"41",26.417124825,"27",2704,"T2","K2","K202b","K202","GP",0.847309106,0.613730042926663,299.567124825
"42",26.435232395,"28",2806,"T2","K2","K202b","K202","GP",0.825225135,0.601703341069869,299.585232395
"43",26.33052757,"29",2901,"T2","K2","K202b","K202","GP",1.096502114,0.740270295975417,299.48052757
"44",26.35410647,"30",3003,"T2","K2","K202b","K202","GP",0.916649681,0.650578704014924,299.50410647
"45",26.34727936,"31",3105,"T2","K2","K202b","K202","GP",0.986005254,0.686125211138112,299.49727936
"46",26.288387995,"32",3206,"T2","K2","K202b","K202","GP",0.547390645,0.436570057490023,299.438387995
"47",26.28127358,"33",3302,"T2","K2","K202b","K202","GP",0.80222701,0.589023127944313,299.43127358
"48",26.37220693,"34",3403,"T2","K2","K202b","K202","GP",0.276196233,0.243883960716049,299.52220693
"49",27.0920342,"27",2703,"T2","K2","K202c","K202","GP",0.913697041,0.649036994713321,300.2420342
"50",27.124964555,"28",2804,"T2","K2","K202c","K202","GP",0.943417673,0.664448110237981,300.274964555
"51",27.165666485,"29",2906,"T2","K2","K202c","K202","GP",0.880958536,0.631781506482097,300.315666485
"52",27.17359155,"30",3001,"T2","K2","K202c","K202","GP",1.013793783,0.700020397296281,300.32359155
"53",27.180141105,"31",3103,"T2","K2","K202c","K202","GP",1.323013749,0.842865372410447,300.330141105
"54",27.05098725,"32",3205,"T2","K2","K202c","K202","GP",0.968820756,0.677434762501551,300.20098725
"55",27.13296287,"33",3306,"T2","K2","K202c","K202","GP",0.765673108,0.568531981990325,300.28296287
"56",27.179737005,"34",3402,"T2","K2","K202c","K202","GP",0.539952512,0.431751579586451,300.329737005
"57",26.975087165,"27",2705,"T2","K2","K202d","K202","GP",0.999709505,0.693001922510506,300.125087165
"58",27.165024415,"28",2806,"T2","K2","K202d","K202","GP",0.950494688,0.66808302655661,300.315024415
"59",27.00744033,"29",2902,"T2","K2","K202d","K202","GP",1.157177193,0.768800511923655,300.15744033
"60",27.145403925,"30",3003,"T2","K2","K202d","K202","GP",1.067512628,0.726346255756791,300.295403925
"61",27.227113125,"31",3105,"T2","K2","K202d","K202","GP",1.167914937,0.773765847106552,300.377113125
"62",27.162567765,"32",3201,"T2","K2","K202d","K202","GP",1.375382612,0.865158524300901,300.312567765
"63",27.163459615,"33",3302,"T2","K2","K202d","K202","GP",0.906876288,0.645466451939241,300.313459615
"64",27.127776235,"34",3404,"T2","K2","K202d","K202","GP",0.363401365,0.309982581119583,300.277776235
"65",27.29955911,"27",2702,"T3","K2","K203a","K203","GP",0.848773281,0.614522327796579,300.44955911
"66",27.186243905,"28",2803,"T3","K2","K203a","K203","GP",0.912810266,0.64857350414883,300.336243905
"67",27.17924261,"29",2905,"T3","K2","K203a","K203","GP",1.126552322,0.754502040158448,300.32924261
"68",27.169694225,"30",3006,"T3","K2","K203a","K203","GP",0.560633246,0.445091665818478,300.319694225
"69",27.1069083,"31",3102,"T3","K2","K203a","K203","GP",1.395100241,0.873425084266762,300.2569083
"70",27.14101971,"32",3204,"T3","K2","K203a","K203","GP",1.093713484,0.738939275961541,300.29101971
"71",27.10547157,"33",3305,"T3","K2","K203a","K203","GP",0.677116241,0.517075795286851,300.25547157
"72",27.090344775,"34",3401,"T3","K2","K203a","K203","GP",0.374416682,0.318029409834263,300.240344775
"73",27.09397208,"27",2701,"T3","K2","K203b","K203","GP",1.040925516,0.713403389286239,300.24397208
"74",27.11799962,"28",2802,"T3","K2","K203b","K203","GP",1.205428699,0.790921911316627,300.26799962
"75",27.13402059,"29",2904,"T3","K2","K203b","K203","GP",1.141701949,0.76160081621872,300.28402059
"76",27.065994815,"30",3005,"T3","K2","K203b","K203","GP",0.681755675,0.519838292379011,300.215994815
"77",27.149023385,"31",3101,"T3","K2","K203b","K203","GP",1.507139727,0.919142552365754,300.299023385
"78",27.121660575,"32",3203,"T3","K2","K203b","K203","GP",1.429837844,0.887824524261656,300.271660575
"79",27.23054577,"33",3304,"T3","K2","K203b","K203","GP",0.83377776,0.606378188738112,300.38054577
"80",27.16448477,"34",3406,"T3","K2","K203b","K203","GP",0.296372197,0.259569745742413,300.31448477
"81",27.339594945,"27",2703,"T3","K2","K203c","K203","GP",0.871056703,0.626503353086068,300.489594945
"82",27.24467001,"28",2805,"T3","K2","K203c","K203","GP",0.896251723,0.639879160315657,300.39467001
"83",27.258134545,"29",2906,"T3","K2","K203c","K203","GP",0.789402207,0.581881601504913,300.408134545
"84",27.279009185,"30",3002,"T3","K2","K203c","K203","GP",1.058992334,0.722216704872136,300.429009185
"85",27.273974625,"31",3104,"T3","K2","K203c","K203","GP",1.2148614,0.795189828175873,300.423974625
"86",27.3247067,"32",3205,"T3","K2","K203c","K203","GP",0.849305277,0.614810042616762,300.4747067
"87",27.32596311,"33",3301,"T3","K2","K203c","K203","GP",0.990618766,0.688445528093738,300.47596311
"88",27.359169065,"34",3402,"T3","K2","K203c","K203","GP",0.388643626,0.328327462098313,300.509169065
"89",27.23612863,"27",2704,"T3","K2","K203d","K203","GP",0.794656253,0.584813501094332,300.38612863
"90",27.353807655,"28",2805,"T3","K2","K203d","K203","GP",0.842011371,0.610858110995386,300.503807655
"91",27.25999852,"29",2901,"T3","K2","K203d","K203","GP",1.185701699,0.781936920699045,300.40999852
"92",27.218260735,"30",3002,"T3","K2","K203d","K203","GP",0.95294184,0.669336871625205,300.368260735
"93",27.204587715,"31",3104,"T3","K2","K203d","K203","GP",1.11521827,0.749158008119016,300.354587715
"94",27.243026655,"32",3206,"T3","K2","K203d","K203","GP",0.563398756,0.446862141102101,300.393026655
"95",27.285461115,"33",3301,"T3","K2","K203d","K203","GP",1.019626606,0.70291264581167,300.435461115
"96",27.176283505,"34",3403,"T3","K2","K203d","K203","GP",0.332547749,0.287092710562176,300.326283505
"97",28.31235991,"27",2704,"C","K2","K20Ca","K20C","GP",0.988428379,0.687344567415752,301.46235991
"98",28.33710049,"28",2806,"C","K2","K20Ca","K20C","GP",0.881666215,0.632157668898057,301.48710049
"99",28.31459938,"29",2901,"C","K2","K20Ca","K20C","GP",1.348840867,0.853921958384108,301.46459938
"100",28.342707765,"30",3003,"C","K2","K20Ca","K20C","GP",1.099078567,0.741498470819262,301.492707765
"101",28.234722805,"31",3105,"C","K2","K20Ca","K20C","GP",1.360162903,0.858730643350201,301.384722805
"102",28.191228825,"32",3206,"C","K2","K20Ca","K20C","GP",0.842676414,0.611219087580663,301.341228825
"103",28.274152915,"33",3302,"C","K2","K20Ca","K20C","GP",1.090149341,0.737235518447855,301.424152915
"104",28.27707261,"34",3403,"C","K2","K20Ca","K20C","GP",0.497491316,0.403791251992323,301.42707261
"105",28.56827493,"27",2703,"C","K2","K20Cb","K20C","GP",0.856144718,0.618501604384613,301.71827493
"106",28.459557645,"28",2804,"C","K2","K20Cb","K20C","GP",0.766966407,0.569264181838223,301.609557645
"107",28.520001985,"29",2906,"C","K2","K20Cb","K20C","GP",0.681236128,0.519529313330255,301.670001985
"108",28.44536375,"30",3001,"C","K2","K20Cb","K20C","GP",0.863843653,0.622640835599592,301.59536375
"109",28.556070815,"31",3103,"C","K2","K20Cb","K20C","GP",0.954013171,0.669885294130115,301.706070815
"110",28.412209935,"32",3205,"C","K2","K20Cb","K20C","GP",0.691712315,0.525741220132127,301.562209935
"111",28.492968995,"33",3306,"C","K2","K20Cb","K20C","GP",0.362468633,0.309298225638884,301.642968995
"112",28.46833655,"34",3402,"C","K2","K20Cb","K20C","GP",0.2456555,0.219661897385102,301.61833655
"113",28.40618909,"27",2702,"C","K2","K20Cc","K20C","GP",0.992488151,0.689384184864049,301.55618909
"114",28.30339574,"28",2803,"C","K2","K20Cc","K20C","GP",1.065900194,0.725566060721245,301.45339574
"115",28.31938321,"29",2905,"C","K2","K20Cc","K20C","GP",1.159659917,0.769950763466844,301.46938321
"116",28.362135585,"30",3006,"C","K2","K20Cc","K20C","GP",0.640704055,0.49512545154171,301.512135585
"117",28.3960556,"31",3102,"C","K2","K20Cc","K20C","GP",1.394996936,0.873381951530119,301.5460556
"118",28.3685016,"32",3205,"C","K2","K20Cc","K20C","GP",1.194097862,0.785770965233863,301.5185016
"119",28.40048862,"33",3305,"C","K2","K20Cc","K20C","GP",0.874587845,0.628388819259296,301.55048862
"120",28.682850655,"34",3401,"C","K2","K20Cc","K20C","GP",0.580499876,0.457741174217348,301.832850655
"121",28.51200627,"27",2703,"C","K2","K20Cd","K20C","GP",0.905391415,0.644687454664773,301.66200627
"122",28.527113365,"28",2805,"C","K2","K20Cd","K20C","GP",0.973705488,0.679912734338481,301.677113365
"123",28.50222913,"29",2906,"C","K2","K20Cd","K20C","GP",0.876332163,0.629318894079352,301.65222913
"124",28.533099845,"30",3002,"C","K2","K20Cd","K20C","GP",1.153114711,0.766915496572765,301.683099845
"125",28.6132263,"31",3104,"C","K2","K20Cd","K20C","GP",1.231183029,0.802531951081347,301.7632263
"126",28.56478412,"32",3205,"C","K2","K20Cd","K20C","GP",0.893882452,0.638628929479904,301.71478412
"127",28.55228898,"33",3301,"C","K2","K20Cd","K20C","GP",0.999297455,0.692795846349309,301.70228898
"128",28.580479615,"34",3402,"C","K2","K20Cd","K20C","GP",0.382144976,0.323636622882613,301.730479615
"129",28.307436125,"27",2706,"T1","M5","M501a","M501","GP",0.728163435,0.547059246349231,301.457436125
"130",28.3534906,"28",2802,"T1","M5","M501a","M501","GP",0.94482616,0.665172595183937,301.5034906
"131",28.355797165,"29",2903,"T1","M5","M501a","M501","GP",1.06985409,0.727478116870182,301.505797165
"132",28.30045088,"30",3005,"T1","M5","M501a","M501","GP",0.553238613,0.4403421788548,301.45045088
"133",28.291902645,"31",3101,"T1","M5","M501a","M501","GP",1.288523615,0.827906900044555,301.441902645
"134",28.36586251,"32",3202,"T1","M5","M501a","M501","GP",1.196336774,0.786790869812657,301.51586251
"135",28.351356005,"33",3304,"T1","M5","M501a","M501","GP",0.876401885,0.629356052054906,301.501356005
"136",28.24670015,"34",3405,"T1","M5","M501a","M501","GP",0.365716263,0.311679025810296,301.39670015
"137",28.18807588,"27",2702,"T1","M5","M501b","M501","GP",0.839131294,0.609293337309735,301.33807588
"138",28.22796757,"28",2803,"T1","M5","M501b","M501","GP",0.940817768,0.663109414153376,301.37796757
"139",28.25493998,"29",2905,"T1","M5","M501b","M501","GP",1.088353144,0.73637578598768,301.40493998
"140",28.290074385,"30",3006,"T1","M5","M501b","M501","GP",0.509135658,0.411537075016055,301.440074385
"141",28.15756277,"31",3102,"T1","M5","M501b","M501","GP",1.280291642,0.824303347944054,301.30756277
"142",28.11676352,"32",3204,"T1","M5","M501b","M501","GP",1.2073686,0.791801127375523,301.26676352
"143",28.21753066,"33",3305,"T1","M5","M501b","M501","GP",0.835149766,0.607126094524874,301.36753066
"144",28.20249505,"34",3401,"T1","M5","M501b","M501","GP",0.506071694,0.409504733822282,301.35249505
"145",29.073833715,"27",2702,"T1","M5","M501c","M501","GP",0.944681912,0.665098422307884,302.223833715
"146",29.15970212,"28",2804,"T1","M5","M501c","M501","GP",1.081058398,0.73287660948772,302.30970212
"147",29.13200379,"29",2905,"T1","M5","M501c","M501","GP",1.224717213,0.799629812260015,302.28200379
"148",29.14650744,"30",3001,"T1","M5","M501c","M501","GP",1.162693033,0.771354219655149,302.29650744
"149",29.05561506,"31",3103,"T1","M5","M501c","M501","GP",1.190959879,0.784339748715864,302.20561506
"150",29.091817605,"32",3204,"T1","M5","M501c","M501","GP",1.100898767,0.74236523745594,302.241817605
"151",29.02703657,"33",3306,"T1","M5","M501c","M501","GP",0.584858023,0.460494827922807,302.17703657
"152",28.91211814,"34",3401,"T1","M5","M501c","M501","GP",0.567929755,0.449756121817563,302.06211814
"153",29.377231155,"27",2703,"T1","M5","M501d","M501","GP",0.901254631,0.642514000354343,302.527231155
"154",29.540651855,"28",2804,"T1","M5","M501d","M501","GP",1.063587203,0.724445829070428,302.690651855
"155",29.44993647,"29",2906,"T1","M5","M501d","M501","GP",0.868042935,0.624891324017887,302.59993647
"156",29.403191795,"30",3001,"T1","M5","M501d","M501","GP",1.209299737,0.792675604232608,302.553191795
"157",29.355126915,"31",3103,"T1","M5","M501d","M501","GP",1.372544549,0.863963028564855,302.505126915
"158",29.364475595,"32",3205,"T1","M5","M501d","M501","GP",0.935151866,0.660185807122989,302.514475595
"159",29.36887439,"33",3306,"T1","M5","M501d","M501","GP",0.549913168,0.438198908716779,302.51887439
"160",29.387112545,"34",3402,"T1","M5","M501d","M501","GP",0.554198774,0.440960154962427,302.537112545
"161",29.333946675,"27",2704,"T2","M5","M502a","M502","GP",0.842773103,0.611271558249208,302.483946675
"162",29.287617625,"28",2805,"T2","M5","M502a","M502","GP",0.874668515,0.628431851792826,302.437617625
"163",29.25560508,"29",2901,"T2","M5","M502a","M502","GP",1.237749749,0.805470784602667,302.40560508
"164",29.35411946,"30",3002,"T2","M5","M502a","M502","GP",1.002048943,0.694171127647152,302.50411946
"165",29.251682385,"31",3104,"T2","M5","M502a","M502","GP",1.259712615,0.81523764369406,302.401682385
"166",29.339921555,"32",3206,"T2","M5","M502a","M502","GP",0.52760767,0.423702897304511,302.489921555
"167",29.36095908,"33",3301,"T2","M5","M502a","M502","GP",0.893646866,0.638504528594512,302.51095908
"168",29.270233765,"34",3403,"T2","M5","M502a","M502","GP",0.282947422,0.249160104279356,302.420233765
"169",29.261579115,"27",2702,"T2","M5","M502b","M502","GP",0.888637242,0.635855533021252,302.411579115
"170",29.381689145,"28",2803,"T2","M5","M502b","M502","GP",0.968368988,0.677205274957716,302.531689145
"171",29.38091948,"29",2905,"T2","M5","M502b","M502","GP",1.052219479,0.71892188016586,302.53091948
"172",29.35088597,"30",3006,"T2","M5","M502b","M502","GP",0.448842401,0.37076489344816,302.50088597
"173",29.310996065,"31",3102,"T2","M5","M502b","M502","GP",1.200896994,0.788865001812659,302.460996065
"174",29.24302975,"32",3204,"T2","M5","M502b","M502","GP",0.979991643,0.683092623990466,302.39302975
"175",29.306745865,"33",3305,"T2","M5","M502b","M502","GP",0.657870058,0.505533680903561,302.456745865
"176",29.252750945,"34",3401,"T2","M5","M502b","M502","GP",0.345137176,0.296495997444296,302.402750945
"177",29.26259676,"27",2701,"T2","M5","M502c","M502","GP",0.739411416,0.553546789334697,302.41259676
"178",29.27355659,"28",2802,"T2","M5","M502c","M502","GP",0.805906185,0.591062507355394,302.42355659
"179",29.238498395,"29",2904,"T2","M5","M502c","M502","GP",0.906532191,0.645285985040492,302.388498395
"180",29.318144085,"30",3005,"T2","M5","M502c","M502","GP",0.483276238,0.394253315533277,302.468144085
"181",29.310961425,"31",3101,"T2","M5","M502c","M502","GP",1.050484486,0.718076099861833,302.460961425
"182",29.212063775,"32",3203,"T2","M5","M502c","M502","GP",1.000322638,0.693308486549435,302.362063775
"183",29.17911644,"33",3304,"T2","M5","M502c","M502","GP",0.577633383,0.455925865266083,302.32911644
"184",29.193431445,"34",3406,"T2","M5","M502c","M502","GP",0.205865564,0.187197619454642,302.343431445
"185",29.46546559,"27",2702,"T2","M5","M502d","M502","GP",0.858580906,0.619813242764324,302.61546559
"186",29.337882505,"28",2804,"T2","M5","M502d","M502","GP",0.899568449,0.641626728268728,302.487882505
"187",29.440479595,"29",2905,"T2","M5","M502d","M502","GP",0.906230857,0.645127919093653,302.590479595
"188",29.40697218,"30",3001,"T2","M5","M502d","M502","GP",1.067044022,0.726119578005498,302.55697218
"189",29.47974485,"31",3103,"T2","M5","M502d","M502","GP",1.211282714,0.793572760729512,302.62974485
"190",29.32747792,"32",3204,"T2","M5","M502d","M502","GP",1.026972485,0.706543293130075,302.47747792
"191",29.406105945,"33",3306,"T2","M5","M502d","M502","GP",0.440391908,0.364915234892882,302.556105945
"192",29.510334855,"34",3401,"T2","M5","M502d","M502","GP",0.32203843,0.27917481059851,302.660334855
"193",30.500038895,"27",2701,"T3","M5","M503a","M503","GP",0.842087478,0.610899427476365,303.650038895
"194",30.477991635,"28",2803,"T3","M5","M503a","M503","GP",0.912032276,0.648166695239869,303.627991635
"195",30.377063855,"29",2904,"T3","M5","M503a","M503","GP",0.972705537,0.679405969576744,303.527063855
"196",30.371860885,"30",3006,"T3","M5","M503a","M503","GP",0.310695936,0.270558245005306,303.521860885
"197",30.28939975,"31",3102,"T3","M5","M503a","M503","GP",1.173819398,0.776485711651159,303.43939975
"198",30.423050125,"32",3203,"T3","M5","M503a","M503","GP",1.055279098,0.720411652838218,303.573050125
"199",30.402037195,"33",3305,"T3","M5","M503a","M503","GP",0.682315081,0.520170869215666,303.552037195
"200",30.36028088,"34",3406,"T3","M5","M503a","M503","GP",0.195318384,0.178412580022794,303.51028088
"201",30.5620949,"27",2703,"T3","M5","M503b","M503","GP",0.814153724,0.595619091211602,303.7120949
"202",30.471864465,"28",2804,"T3","M5","M503b","M503","GP",0.890181875,0.636673054600457,303.621864465
"203",30.50375077,"29",2906,"T3","M5","M503b","M503","GP",0.708752165,0.535763376063266,303.65375077
"204",30.48170673,"30",3001,"T3","M5","M503b","M503","GP",1.001970038,0.694131714747071,303.63170673
"205",30.29375416,"31",3103,"T3","M5","M503b","M503","GP",1.104020598,0.743850084751497,303.44375416
"206",30.32059529,"32",3205,"T3","M5","M503b","M503","GP",0.731975261,0.549262526550936,303.47059529
"207",30.425420885,"33",3306,"T3","M5","M503b","M503","GP",0.470748925,0.385771743842562,303.575420885
"208",30.315561155,"34",3402,"T3","M5","M503b","M503","GP",0.327004565,0.282924195434583,303.465561155
"209",30.52681377,"27",2705,"T3","M5","M503c","M503","GP",0.706804145,0.534622700849968,303.67681377
"210",30.16835582,"28",2806,"T3","M5","M503c","M503","GP",0.75888471,0.564679920685275,303.31835582
"211",30.43520691,"29",2902,"T3","M5","M503c","M503","GP",1.036062626,0.711017857547241,303.58520691
"212",30.46932537,"30",3003,"T3","M5","M503c","M503","GP",0.805564204,0.590873121335748,303.61932537
"213",30.21551191,"31",3105,"T3","M5","M503c","M503","GP",0.913046138,0.648696808306327,303.36551191
"214",30.42712498,"32",3201,"T3","M5","M503c","M503","GP",1.048377982,0.717048251671316,303.57712498
"215",30.57888932,"33",3302,"T3","M5","M503c","M503","GP",0.783159394,0.578386731408087,303.72888932
"216",30.43314977,"34",3404,"T3","M5","M503c","M503","GP",0.322774258,0.279731241700284,303.58314977
"217",30.173532345,"27",2705,"T3","M5","M503d","M503","GP",0.855638468,0.618228824441512,303.323532345
"218",29.985407325,"28",2801,"T3","M5","M503d","M503","GP",0.966911226,0.67646440671586,303.135407325
"219",30.074466325,"29",2902,"T3","M5","M503d","M503","GP",1.177374823,0.778119941524941,303.224466325
"220",30.17272712,"30",3004,"T3","M5","M503d","M503","GP",0.656281605,0.504575092834482,303.32272712
"221",30.11139117,"31",3106,"T3","M5","M503d","M503","GP",0.740986336,0.554451812392244,303.26139117
"222",29.930606265,"32",3201,"T3","M5","M503d","M503","GP",1.175435499,0.777228873922699,303.080606265
"223",29.995470735,"33",3303,"T3","M5","M503d","M503","GP",0.941761271,0.663595432858518,303.145470735
"224",30.033215805,"34",3404,"T3","M5","M503d","M503","GP",0.309887138,0.269940979303101,303.183215805
"225",30.06650846,"27",2705,"C","M5","M50Ca","M50C","GP",1.006144348,0.696214645076505,303.21650846
"226",29.92754295,"28",2806,"C","M5","M50Ca","M50C","GP",0.952441784,0.669080786154032,303.07754295
"227",30.04331947,"29",2902,"C","M5","M50Ca","M50C","GP",1.330230557,0.845967214184378,303.19331947
"228",29.948496655,"30",3003,"C","M5","M50Ca","M50C","GP",1.165852199,0.772813909408454,303.098496655
"229",30.12288274,"31",3105,"C","M5","M50Ca","M50C","GP",1.176394459,0.777669589678956,303.27288274
"230",30.12511244,"32",3201,"C","M5","M50Ca","M50C","GP",1.214495902,0.79502479384881,303.27511244
"231",30.007358035,"33",3302,"C","M5","M50Ca","M50C","GP",0.945051116,0.665288257444872,303.157358035
"232",30.12240435,"34",3404,"C","M5","M50Ca","M50C","GP",0.255903726,0.227855413834263,303.27240435
"233",30.0503049,"27",2702,"C","M5","M50Cb","M50C","GP",0.910401478,0.647313417875813,303.2003049
"234",30.02434929,"28",2804,"C","M5","M50Cb","M50C","GP",1.035712104,0.710845685939474,303.17434929
"235",30.06914109,"29",2905,"C","M5","M50Cb","M50C","GP",1.163755436,0.771845339810152,303.21914109
"236",29.99665551,"30",3001,"C","M5","M50Cb","M50C","GP",1.240023432,0.806486326526521,303.14665551
"237",30.07060262,"31",3103,"C","M5","M50Cb","M50C","GP",1.305500452,0.835297768717521,303.22060262
"238",29.968110165,"32",3204,"C","M5","M50Cb","M50C","GP",1.182407054,0.78042842088319,303.118110165
"239",29.92916213,"33",3306,"C","M5","M50Cb","M50C","GP",0.446985949,0.369482737166817,303.07916213
"240",30.050941335,"34",3401,"C","M5","M50Cb","M50C","GP",0.404529449,0.339702334946474,303.200941335
"241",31.455521715,"27",2701,"C","M5","M50Cc","M50C","GP",0.793158892,0.583978808655385,304.605521715
"242",31.294172455,"28",2802,"C","M5","M50Cc","M50C","GP",1.035217801,0.71060284068595,304.444172455
"243",31.407467295,"29",2904,"C","M5","M50Cc","M50C","GP",1.121776926,0.7522539102549,304.557467295
"244",31.34936934,"30",3005,"C","M5","M50Cc","M50C","GP",0.585062363,0.460623752296546,304.49936934
"245",31.379657755,"31",3101,"C","M5","M50Cc","M50C","GP",1.361066558,0.859113448303233,304.529657755
"246",31.33998551,"32",3203,"C","M5","M50Cc","M50C","GP",1.168435209,0.77400580559006,304.48998551
"247",31.21168916,"33",3304,"C","M5","M50Cc","M50C","GP",0.776828729,0.57483016242279,304.36168916
"248",31.225473765,"34",3406,"C","M5","M50Cc","M50C","GP",0.194702971,0.177897594654723,304.375473765
"249",31.44194396,"27",2701,"C","M5","M50Cd","M50C","GP",4.185732468,1.64591109843524,304.59194396
"250",31.439874745,"28",2803,"C","M5","M50Cd","M50C","GP",4.407358502,1.68776071151242,304.589874745
"251",31.36961761,"29",2904,"C","M5","M50Cd","M50C","GP",4.997190498,1.7912911092313,304.51961761
"252",31.321017275,"30",3006,"C","M5","M50Cd","M50C","GP",2.087289897,1.12729365008396,304.471017275
"253",31.33250309,"31",3102,"C","M5","M50Cd","M50C","GP",4.819519871,1.76121776194858,304.48250309
"254",31.37693176,"32",3203,"C","M5","M50Cd","M50C","GP",4.959308341,1.78495442417513,304.52693176
"255",31.38428689,"33",3305,"C","M5","M50Cd","M50C","GP",3.078272878,1.40567358457763,304.53428689
"256",31.471049585,"34",3407,"C","M5","M50Cd","M50C","GP",1.082588956,0.733611810112947,304.621049585
"257",31.435326005,"27",2705,"T1","M6","M601a","M601","GP",0.823690294,0.600862082279204,304.585326005
"258",31.31575227,"28",2806,"T1","M6","M601a","M601","GP",0.820010454,0.598842245028251,304.46575227
"259",31.28169072,"29",2902,"T1","M6","M601a","M601","GP",1.088375622,0.73638654943499,304.43169072
"260",31.390963795,"30",3003,"T1","M6","M601a","M601","GP",0.986093214,0.686169500070384,304.540963795
"261",31.2608723,"31",3105,"T1","M6","M601a","M601","GP",1.135925372,0.758899982285348,304.4108723
"262",31.33674537,"32",3201,"T1","M6","M601a","M601","GP",1.410527376,0.87984555177893,304.48674537
"263",31.36257244,"33",3302,"T1","M6","M601a","M601","GP",1.011941105,0.699099979940276,304.51257244
"264",31.320709565,"34",3404,"T1","M6","M601a","M601","GP",0.468161752,0.384011109408475,304.470709565
"265",31.41614239,"27",2701,"T1","M6","M601b","M601","GP",1.121824333,0.752276253070405,304.56614239
"266",31.288192515,"28",2802,"T1","M6","M601b","M601","GP",1.306673951,0.835806638904459,304.438192515
"267",31.31369879,"29",2904,"T1","M6","M601b","M601","GP",1.447960634,0.895255283638428,304.46369879
"268",31.286240605,"30",3005,"T1","M6","M601b","M601","GP",0.696197175,0.528388789456515,304.436240605
"269",31.229983105,"31",3101,"T1","M6","M601b","M601","GP",1.569125095,0.943565410986605,304.379983105
"270",31.238778995,"32",3203,"T1","M6","M601b","M601","GP",1.395455707,0.873573487084519,304.388778995
"271",31.256068605,"33",3304,"T1","M6","M601b","M601","GP",0.938069658,0.661692456063086,304.406068605
"272",31.235567175,"34",3406,"T1","M6","M601b","M601","GP",0.33687789,0.290336962610027,304.385567175
"273",31.321951975,"27",2704,"T1","M6","M601c","M601","GP",0.921200998,0.652950510275397,304.471951975
"274",31.252267745,"28",2806,"T1","M6","M601c","M601","GP",0.898135957,0.640872329339905,304.402267745
"275",31.316854405,"29",2901,"T1","M6","M601c","M601","GP",1.454018196,0.897726761094156,304.466854405
"276",31.32580415,"30",3003,"T1","M6","M601c","M601","GP",1.077598925,0.731212863942317,304.47580415
"277",31.363457575,"31",3105,"T1","M6","M601c","M601","GP",1.243643437,0.808101078867559,304.513457575
"278",31.21954279,"32",3206,"T1","M6","M601c","M601","GP",0.692235481,0.526050424668193,304.36954279
"279",31.419540525,"33",3302,"T1","M6","M601c","M601","GP",0.827998215,0.603221496554457,304.569540525
"280",31.421600225,"34",3403,"T1","M6","M601c","M601","GP",0.309805362,0.269878547548209,304.571600225
"281",31.336803295,"27",2705,"T1","M6","M601d","M601","GP",0.843490883,0.6116609931957,304.486803295
"282",31.297544525,"28",2801,"T1","M6","M601d","M601","GP",0.928615367,0.656802319018433,304.447544525
"283",31.33400728,"29",2902,"T1","M6","M601d","M601","GP",1.161288651,0.77070464148761,304.48400728
"284",31.294099475,"30",3004,"T1","M6","M601d","M601","GP",0.69979832,0.53050960873033,304.444099475
"285",31.389877075,"31",3106,"T1","M6","M601d","M601","GP",0.897283464,0.64042310730683,304.539877075
"286",31.19768445,"32",3201,"T1","M6","M601d","M601","GP",1.184604618,0.781434859313197,304.34768445
"287",31.313615665,"33",3303,"T1","M6","M601d","M601","GP",0.782337733,0.57792583578244,304.463615665
"288",31.35893987,"34",3404,"T1","M6","M601d","M601","GP",0.273269193,0.241587760692134,304.50893987
"289",32.58202413,"27",2701,"T2","M6","M602a","M602","GP",0.871503758,0.626742256375292,305.73202413
"290",32.555130425,"28",2803,"T2","M6","M602a","M602","GP",0.981848479,0.684029984448626,305.705130425
"291",32.522805715,"29",2904,"T2","M6","M602a","M602","GP",0.973433558,0.679774948465087,305.672805715
"292",32.432220355,"30",3006,"T2","M6","M602a","M602","GP",0.448460247,0.370501093597992,305.582220355
"293",32.53686138,"31",3102,"T2","M6","M602a","M602","GP",1.111211509,0.747261957594165,305.68686138
"294",32.45448318,"32",3203,"T2","M6","M602a","M602","GP",0.927342878,0.656142307179434,305.60448318
"295",32.40641242,"33",3305,"T2","M6","M602a","M602","GP",0.569398326,0.450692314060992,305.55641242
"296",32.40609059,"34",3406,"T2","M6","M602a","M602","GP",0.205398307,0.186810057552796,305.55609059
"297",32.53658879,"27",2706,"T2","M6","M602b","M602","GP",0.680333241,0.518992131482968,305.68658879
"298",32.48985324,"28",2802,"T2","M6","M602b","M602","GP",0.827677008,0.603045765954099,305.63985324
"299",32.54473889,"29",2903,"T2","M6","M602b","M602","GP",0.968108591,0.677072975461451,305.69473889
"300",32.46202605,"30",3005,"T2","M6","M602b","M602","GP",0.496145071,0.40289184744433,305.61202605
"301",32.404944755,"31",3101,"T2","M6","M602b","M602","GP",1.173485921,0.776332293854992,305.554944755
"302",32.376713815,"32",3202,"T2","M6","M602b","M602","GP",1.05291605,0.719261245822251,305.526713815
"303",32.55712422,"33",3304,"T2","M6","M602b","M602","GP",0.631684981,0.489613211561893,305.70712422
"304",32.479852835,"34",3405,"T2","M6","M602b","M602","GP",0.249823551,0.223002382150312,305.629852835
"305",32.53213633,"27",2705,"T2","M6","M602c","M602","GP",0.923676793,0.65423835112588,305.68213633
"306",32.328447755,"28",2801,"T2","M6","M602c","M602","GP",1.02446217,0.705304070220159,305.478447755
"307",32.51233687,"29",2902,"T2","M6","M602c","M602","GP",1.104025806,0.743852560009372,305.66233687
"308",32.466736915,"30",3004,"T2","M6","M602c","M602","GP",0.654843023,0.503706154179409,305.616736915
"309",32.325335055,"31",3106,"T2","M6","M602c","M602","GP",0.777257959,0.575071704084414,305.475335055
"310",32.505297345,"32",3201,"T2","M6","M602c","M602","GP",1.171414173,0.77537864791967,305.655297345
"311",32.47950288,"33",3303,"T2","M6","M602c","M602","GP",0.607763511,0.47484408966725,305.62950288
"312",32.419153505,"34",3404,"T2","M6","M602c","M602","GP",0.215680264,0.195303808179511,305.569153505
"313",32.386175265,"27",2703,"T2","M6","M602d","M602","GP",0.888675206,0.635875634085447,305.536175265
"314",32.39670963,"28",2805,"T2","M6","M602d","M602","GP",0.824807792,0.601474662035917,305.54670963
"315",32.40149262,"29",2906,"T2","M6","M602d","M602","GP",0.77925911,0.576197047319024,305.55149262
"316",32.45038575,"30",3002,"T2","M6","M602d","M602","GP",1.036417203,0.711191990761295,305.60038575
"317",32.339457395,"31",3104,"T2","M6","M602d","M602","GP",1.150190638,0.765556507045932,305.489457395
"318",32.342868145,"32",3205,"T2","M6","M602d","M602","GP",0.869712273,0.625784554322225,305.492868145
"319",32.447311195,"33",3301,"T2","M6","M602d","M602","GP",0.845496092,0.612748125902363,305.597311195
"320",32.413366325,"34",3402,"T2","M6","M602d","M602","GP",0.214525411,0.194353392254793,305.563366325
"321",32.37944494,"27",2704,"T3","M6","M603a","M603","GP",0.906970787,0.645516007675567,305.52944494
"322",32.44435799,"28",2806,"T3","M6","M603a","M603","GP",0.895527917,0.639497383905891,305.59435799
"323",32.462226215,"29",2901,"T3","M6","M603a","M603","GP",1.130077712,0.756158463562833,305.612226215
"324",32.47530242,"30",3003,"T3","M6","M603a","M603","GP",1.037783984,0.711862935070886,305.62530242
"325",32.388508985,"31",3105,"T3","M6","M603a","M603","GP",1.064479242,0.724878011558656,305.538508985
"326",32.38730723,"32",3206,"T3","M6","M603a","M603","GP",0.577729589,0.455986844621475,305.53730723
"327",32.456493975,"33",3302,"T3","M6","M603a","M603","GP",0.702863039,0.532310975075896,305.606493975
"328",32.31831103,"34",3403,"T3","M6","M603a","M603","GP",0.25641441,0.228261957893883,305.46831103
"329",32.55467974,"27",2706,"T3","M6","M603b","M603","GP",0.696666052,0.528665179615278,305.70467974
"330",32.496222465,"28",2801,"T3","M6","M603b","M603","GP",0.840795977,0.610198074273789,305.646222465
"331",32.37126328,"29",2903,"T3","M6","M603b","M603","GP",0.915626699,0.650044827058849,305.52126328
"332",32.56344148,"30",3004,"T3","M6","M603b","M603","GP",0.596668734,0.467919417534669,305.71344148
"333",32.519777345,"31",3106,"T3","M6","M603b","M603","GP",0.763984401,0.567575114574979,305.669777345
"334",32.480980655,"32",3202,"T3","M6","M603b","M603","GP",1.11410967,0.748633764058912,305.630980655
"335",32.28836503,"33",3303,"T3","M6","M603b","M603","GP",0.744904933,0.55670007451416,305.43836503
"336",32.48209671,"34",3405,"T3","M6","M603b","M603","GP",0.243028035,0.217550366578333,305.63209671
"337",33.12116363,"27",2706,"T3","M6","M603c","M603","GP",0.757758871,0.564039628877174,306.27116363
"338",33.08150393,"28",2802,"T3","M6","M603c","M603","GP",0.944667494,0.665091008214422,306.23150393
"339",33.015058935,"29",2903,"T3","M6","M603c","M603","GP",0.998754359,0.692524166026688,306.165058935
"340",33.036622965,"30",3005,"T3","M6","M603c","M603","GP",0.553893932,0.440763994789734,306.186622965
"341",33.05494463,"31",3101,"T3","M6","M603c","M603","GP",1.088323283,0.736361487058605,306.20494463
"342",33.083059005,"32",3202,"T3","M6","M603c","M603","GP",1.062380635,0.723860963612544,306.233059005
"343",33.174922625,"33",3304,"T3","M6","M603c","M603","GP",0.691953238,0.52588362368628,306.324922625
"344",32.98174191,"34",3405,"T3","M6","M603c","M603","GP",0.218365571,0.197510264648677,306.13174191
"345",33.226481185,"27",2702,"T3","M6","M603d","M603","GP",0.988476983,0.687369010542041,306.376481185
"346",33.203642755,"28",2804,"T3","M6","M603d","M603","GP",1.049554581,0.717622491981152,306.353642755
"347",33.158120295,"29",2905,"T3","M6","M603d","M603","GP",1.084028306,0.734302706332468,306.308120295
"348",33.013744635,"30",3001,"T3","M6","M603d","M603","GP",1.298171337,0.832113735829064,306.163744635
"349",33.117356915,"31",3103,"T3","M6","M603d","M603","GP",1.302669633,0.834069159832053,306.267356915
"350",33.008670785,"32",3204,"T3","M6","M603d","M603","GP",1.221947054,0.798383862850737,306.158670785
"351",33.00910734,"33",3306,"T3","M6","M603d","M603","GP",0.544512905,0.434708588796432,306.15910734
"352",33.12987064,"34",3401,"T3","M6","M603d","M603","GP",0.333176919,0.287564754820337,306.27987064
"353",33.27791239,"27",2706,"C","M6","M60Ca","M60C","GP",0.740932937,0.554421140227947,306.42791239
"354",33.17628505,"28",2802,"C","M6","M60Ca","M60C","GP",0.970870946,0.678475549618995,306.32628505
"355",33.11838559,"29",2903,"C","M6","M60Ca","M60C","GP",0.986513507,0.686381095645323,306.26838559
"356",33.141422645,"30",3005,"C","M6","M60Ca","M60C","GP",0.528698938,0.424417006316688,306.291422645
"357",33.234129785,"31",3101,"C","M6","M60Ca","M60C","GP",1.212462029,0.79410593571878,306.384129785
"358",33.12939257,"32",3202,"C","M6","M60Ca","M60C","GP",1.139945572,0.76078039506546,306.27939257
"359",33.21998648,"33",3304,"C","M6","M60Ca","M60C","GP",0.597208966,0.468257709764927,306.36998648
"360",33.180355475,"34",3405,"C","M6","M60Ca","M60C","GP",0.183293141,0.168301348890266,306.330355475
"361",33.11741915,"27",2704,"C","M6","M60Cb","M60C","GP",0.881581251,0.632112514280519,306.26741915
"362",33.13844721,"28",2805,"C","M6","M60Cb","M60C","GP",0.833239909,0.606084843544603,306.28844721
"363",33.26058838,"29",2901,"C","M6","M60Cb","M60C","GP",1.092150286,0.738192382054542,306.41058838
"364",33.179211335,"30",3002,"C","M6","M60Cb","M60C","GP",0.906363896,0.645197708310012,306.329211335
"365",33.230027065,"31",3104,"C","M6","M60Cb","M60C","GP",1.011009743,0.698636955632085,306.380027065
"366",33.14598954,"32",3206,"C","M6","M60Cb","M60C","GP",0.591827351,0.464882633676975,306.29598954
"367",33.093841335,"33",3301,"C","M6","M60Cb","M60C","GP",0.7884598,0.581354802528345,306.243841335
"368",33.25299153,"34",3403,"C","M6","M60Cb","M60C","GP",0.222288161,0.200724643915998,306.40299153
"369",32.974775725,"27",2706,"C","M6","M60Cc","M60C","GP",0.780604495,0.576952910584215,306.124775725
"370",33.018056475,"28",2801,"C","M6","M60Cc","M60C","GP",0.871976369,0.626994754578289,306.168056475
"371",33.21034995,"29",2903,"C","M6","M60Cc","M60C","GP",0.994001107,0.690143226704989,306.36034995
"372",33.072978985,"30",3004,"C","M6","M60Cc","M60C","GP",0.576234368,0.455038691039252,306.222978985
"373",33.094313525,"31",3106,"C","M6","M60Cc","M60C","GP",0.762573913,0.566775191278879,306.244313525
"374",33.130887935,"32",3202,"C","M6","M60Cc","M60C","GP",1.088036834,0.736224310669393,306.280887935
"375",33.144474,"33",3303,"C","M6","M60Cc","M60C","GP",0.726774461,0.546255194805243,306.294474
"376",33.02319064,"34",3405,"C","M6","M60Cc","M60C","GP",0.132312243,0.124261774784922,306.17319064
"377",33.206904665,"27",2705,"C","M6","M60Cd","M60C","GP",0.800510323,0.588070137497744,306.356904665
"378",33.0637045,"28",2801,"C","M6","M60Cd","M60C","GP",0.948343629,0.666979590587555,306.2137045
"379",33.182787155,"29",2902,"C","M6","M60Cd","M60C","GP",1.086564897,0.735519123848783,306.332787155
"380",33.144113265,"30",3004,"C","M6","M60Cd","M60C","GP",0.643200054,0.496645593054863,306.294113265
"381",33.13343354,"31",3106,"C","M6","M60Cd","M60C","GP",0.73093276,0.548660430841103,306.28343354
"382",32.994130505,"32",3201,"C","M6","M60Cd","M60C","GP",1.242220902,0.807466848788277,306.144130505
"383",33.200718715,"33",3303,"C","M6","M60Cd","M60C","GP",0.756793072,0.563490028791601,306.350718715
"384",33.16693719,"34",3404,"C","M6","M60Cd","M60C","GP",0.238324482,0.213759241696794,306.31693719
"385",26.411042815,"27",2706,"T1","K2","K201a","K201","R",0.424067001,0.353516863146953,299.561042815
"386",26.285931415,"28",2801,"T1","K2","K201a","K201","R",0.473975972,0.387963492413112,299.435931415
"387",26.442051465,"29",2903,"T1","K2","K201a","K201","R",0.450002316,0.371565153672587,299.592051465
"388",26.34798866,"30",3004,"T1","K2","K201a","K201","R",0.523097009,0.420745767879268,299.49798866
"389",26.40792688,"31",3106,"T1","K2","K201a","K201","R",0.476526511,0.389692377340341,299.55792688
"390",26.495725565,"32",3202,"T1","K2","K201a","K201","R",0.575194017,0.454378450087724,299.645725565
"391",26.427346165,"33",3303,"T1","K2","K201a","K201","R",0.547466828,0.436619289482566,299.577346165
"392",26.42070666,"34",3405,"T1","K2","K201a","K201","R",0.487635384,0.397187868749865,299.57070666
"393",26.418751425,"27",2703,"T1","K2","K201b","K201","R",0.440743931,0.365159598936386,299.568751425
"394",26.454835115,"28",2805,"T1","K2","K201b","K201","R",0.443637932,0.367166269418014,299.604835115
"395",26.296779,"29",2906,"T1","K2","K201b","K201","R",0.394691561,0.332673287600601,299.446779
"396",26.486800255,"30",3002,"T1","K2","K201b","K201","R",0.505252,0.408960326044481,299.636800255
"397",26.35641924,"31",3104,"T1","K2","K201b","K201","R",0.530401043,0.425529820664845,299.50641924
"398",26.23352487,"32",3205,"T1","K2","K201b","K201","R",0.461092488,0.379184435350812,299.38352487
"399",26.40047864,"33",3301,"T1","K2","K201b","K201","R",0.510523342,0.412456174886396,299.55047864
"400",26.26095583,"34",3402,"T1","K2","K201b","K201","R",0.474471053,0.388299317340916,299.41095583
"401",26.396846925,"27",2701,"T1","K2","K201c","K201","R",0.406892379,0.341383285512381,299.546846925
"402",26.40850227,"28",2803,"T1","K2","K201c","K201","R",0.413620773,0.346154337020075,299.55850227
"403",26.28914571,"29",2904,"T1","K2","K201c","K201","R",0.463098913,0.380556729458637,299.43914571
"404",26.22156436,"30",3006,"T1","K2","K201c","K201","R",0.462109893,0.379880524713419,299.37156436
"405",26.32101657,"31",3102,"T1","K2","K201c","K201","R",0.561775774,0.44582349053694,299.47101657
"406",26.438263855,"32",3203,"T1","K2","K201c","K201","R",0.534684648,0.428324918890914,299.588263855
"407",26.31917945,"33",3305,"T1","K2","K201c","K201","R",0.478444158,0.390990290236276,299.46917945
"408",26.422506205,"34",3406,"T1","K2","K201c","K201","R",0.410245911,0.343764094147838,299.572506205
"409",26.425956665,"27",2704,"T1","K2","K201d","K201","R",0.394142849,0.332279781263248,299.575956665
"410",26.424582585,"28",2805,"T1","K2","K201d","K201","R",0.482680592,0.393851660322397,299.574582585
"411",26.464896135,"29",2901,"T1","K2","K201d","K201","R",0.508805347,0.411318176766704,299.614896135
"412",26.344990565,"30",3002,"T1","K2","K201d","K201","R",0.34841087,0.298926765751387,299.494990565
"413",26.33136031,"31",3104,"T1","K2","K201d","K201","R",0.566082748,0.448577436530208,299.48136031
"414",26.34300791,"32",3206,"T1","K2","K201d","K201","R",0.498594861,0.404527909741606,299.49300791
"415",26.469831565,"33",3301,"T1","K2","K201d","K201","R",0.559392766,0.444296492918899,299.619831565
"416",26.27403809,"34",3403,"T1","K2","K201d","K201","R",0.405800471,0.340606870800158,299.42403809
"417",26.31821738,"27",2706,"T2","K2","K202a","K202","R",0.443181796,0.366850256610306,299.46821738
"418",26.40407251,"28",2801,"T2","K2","K202a","K202","R",0.503080576,0.407516719446974,299.55407251
"419",26.456289475,"29",2903,"T2","K2","K202a","K202","R",0.472985481,0.387291280676993,299.606289475
"420",26.46780414,"30",3004,"T2","K2","K202a","K202","R",0.494450185,0.401758369968192,299.61780414
"421",26.378185845,"31",3106,"T2","K2","K202a","K202","R",0.598064601,0.468793272684665,299.528185845
"422",26.36363632,"32",3202,"T2","K2","K202a","K202","R",0.548938119,0.437569611637395,299.51363632
"423",26.34473143,"33",3303,"T2","K2","K202a","K202","R",0.610175146,0.476342959414971,299.49473143
"424",26.41858541,"34",3405,"T2","K2","K202a","K202","R",0.433758283,0.360299166602559,299.56858541
"425",26.417124825,"27",2704,"T2","K2","K202b","K202","R",0.364047422,0.310456325679087,299.567124825
"426",26.435232395,"28",2806,"T2","K2","K202b","K202","R",0.384398009,0.325265394609858,299.585232395
"427",26.33052757,"29",2901,"T2","K2","K202b","K202","R",0.40509443,0.340104510491634,299.48052757
"428",26.35410647,"30",3003,"T2","K2","K202b","K202","R",0.469395814,0.384851305418167,299.50410647
"429",26.34727936,"31",3105,"T2","K2","K202b","K202","R",0.403624115,0.339057545400081,299.49727936
"430",26.288387995,"32",3206,"T2","K2","K202b","K202","R",0.435413866,0.361453215992257,299.438387995
"431",26.28127358,"33",3302,"T2","K2","K202b","K202","R",0.467941947,0.383861383770047,299.43127358
"432",26.37220693,"34",3403,"T2","K2","K202b","K202","R",0.300086504,0.262430803792163,299.52220693
"433",27.0920342,"27",2703,"T2","K2","K202c","K202","R",0.423085583,0.352827459955578,300.2420342
"434",27.124964555,"28",2804,"T2","K2","K202c","K202","R",0.403493512,0.338964494080223,300.274964555
"435",27.165666485,"29",2906,"T2","K2","K202c","K202","R",0.435619121,0.361596199372301,300.315666485
"436",27.17359155,"30",3001,"T2","K2","K202c","K202","R",0.440319824,0.364865188927356,300.32359155
"437",27.180141105,"31",3103,"T2","K2","K202c","K202","R",0.588932169,0.46306219878943,300.330141105
"438",27.05098725,"32",3205,"T2","K2","K202c","K202","R",0.378270484,0.320829440702625,300.20098725
"439",27.13296287,"33",3306,"T2","K2","K202c","K202","R",0.441669152,0.365801575644883,300.28296287
"440",27.179737005,"34",3402,"T2","K2","K202c","K202","R",0.390334727,0.329544528943703,300.329737005
"441",26.975087165,"27",2705,"T2","K2","K202d","K202","R",0.405260448,0.340222657848391,300.125087165
"442",27.165024415,"28",2806,"T2","K2","K202d","K202","R",0.439298707,0.364155985932718,300.315024415
"443",27.00744033,"29",2902,"T2","K2","K202d","K202","R",0.469484299,0.38491152223316,300.15744033
"444",27.145403925,"30",3003,"T2","K2","K202d","K202","R",0.551484029,0.439211910944195,300.295403925
"445",27.227113125,"31",3105,"T2","K2","K202d","K202","R",0.544795129,0.434891298968212,300.377113125
"446",27.162567765,"32",3201,"T2","K2","K202d","K202","R",0.585281652,0.460762089965462,300.312567765
"447",27.163459615,"33",3302,"T2","K2","K202d","K202","R",0.529720277,0.425084893199531,300.313459615
"448",27.127776235,"34",3404,"T2","K2","K202d","K202","R",0.474521486,0.388333520886254,300.277776235
"449",27.29955911,"27",2702,"T3","K2","K203a","K203","R",0.387159168,0.32725789177817,300.44955911
"450",27.186243905,"28",2803,"T3","K2","K203a","K203","R",0.415694306,0.347620086371659,300.336243905
"451",27.17924261,"29",2905,"T3","K2","K203a","K203","R",0.448665963,0.370643107432002,300.32924261
"452",27.169694225,"30",3006,"T3","K2","K203a","K203","R",0.531159514,0.426025300666887,300.319694225
"453",27.1069083,"31",3102,"T3","K2","K203a","K203","R",0.596923415,0.468078912541331,300.2569083
"454",27.14101971,"32",3204,"T3","K2","K203a","K203","R",0.551773739,0.439398624406305,300.29101971
"455",27.10547157,"33",3305,"T3","K2","K203a","K203","R",0.45462427,0.374747633598423,300.25547157
"456",27.090344775,"34",3401,"T3","K2","K203a","K203","R",0.454638324,0.37475729515323,300.240344775
"457",27.09397208,"27",2701,"T3","K2","K203b","K203","R",0.451576326,0.372650087323263,300.24397208
"458",27.11799962,"28",2802,"T3","K2","K203b","K203","R",0.53463555,0.428292926138879,300.26799962
"459",27.13402059,"29",2904,"T3","K2","K203b","K203","R",0.496755169,0.403299544299907,300.28402059
"460",27.065994815,"30",3005,"T3","K2","K203b","K203","R",0.485659378,0.395858699293698,300.215994815
"461",27.149023385,"31",3101,"T3","K2","K203b","K203","R",0.617722653,0.481019390469907,300.299023385
"462",27.121660575,"32",3203,"T3","K2","K203b","K203","R",0.628694881,0.487779007594956,300.271660575
"463",27.23054577,"33",3304,"T3","K2","K203b","K203","R",0.516299099,0.416272562614991,300.38054577
"464",27.16448477,"34",3406,"T3","K2","K203b","K203","R",0.416698997,0.348329515419576,300.31448477
"465",27.339594945,"27",2703,"T3","K2","K203c","K203","R",0.367369444,0.312888780189667,300.489594945
"466",27.24467001,"28",2805,"T3","K2","K203c","K203","R",0.404040165,0.339353912744289,300.39467001
"467",27.258134545,"29",2906,"T3","K2","K203c","K203","R",0.383485555,0.324606079279603,300.408134545
"468",27.279009185,"30",3002,"T3","K2","K203c","K203","R",0.443127223,0.366812441532539,300.429009185
"469",27.273974625,"31",3104,"T3","K2","K203c","K203","R",0.512757403,0.413934080244892,300.423974625
"470",27.3247067,"32",3205,"T3","K2","K203c","K203","R",0.462723107,0.380299840283904,300.4747067
"471",27.32596311,"33",3301,"T3","K2","K203c","K203","R",0.436319711,0.362084085817577,300.47596311
"472",27.359169065,"34",3402,"T3","K2","K203c","K203","R",0.354136983,0.30316433850134,300.509169065
"473",27.23612863,"27",2704,"T3","K2","K203d","K203","R",0.325051074,0.281451005110386,300.38612863
"474",27.353807655,"28",2805,"T3","K2","K203d","K203","R",0.400487029,0.336820053982884,300.503807655
"475",27.25999852,"29",2901,"T3","K2","K203d","K203","R",0.410143056,0.343691157399575,300.40999852
"476",27.218260735,"30",3002,"T3","K2","K203d","K203","R",0.445452109,0.36842215082891,300.368260735
"477",27.204587715,"31",3104,"T3","K2","K203d","K203","R",0.501905922,0.406734916227151,300.354587715
"478",27.243026655,"32",3206,"T3","K2","K203d","K203","R",0.42276882,0.352604846317316,300.393026655
"479",27.285461115,"33",3301,"T3","K2","K203d","K203","R",0.510342596,0.412336509860588,300.435461115
"480",27.176283505,"34",3403,"T3","K2","K203d","K203","R",0.342811607,0.294765629964848,300.326283505
"481",28.31235991,"27",2704,"C","K2","K20Ca","K20C","R",0.461620614,0.379545829704152,301.46235991
"482",28.33710049,"28",2806,"C","K2","K20Ca","K20C","R",0.409534086,0.343259214323258,301.48710049
"483",28.31459938,"29",2901,"C","K2","K20Ca","K20C","R",0.560205271,0.444817396579393,301.46459938
"484",28.342707765,"30",3003,"C","K2","K20Ca","K20C","R",0.543081201,0.433781197401411,301.492707765
"485",28.234722805,"31",3105,"C","K2","K20Ca","K20C","R",0.613893551,0.478649614141129,301.384722805
"486",28.191228825,"32",3206,"C","K2","K20Ca","K20C","R",0.525578608,0.422373753181641,301.341228825
"487",28.274152915,"33",3302,"C","K2","K20Ca","K20C","R",0.543998097,0.434375219088872,301.424152915
"488",28.27707261,"34",3403,"C","K2","K20Ca","K20C","R",0.437295512,0.36276323104878,301.42707261
"489",28.56827493,"27",2703,"C","K2","K20Cb","K20C","R",0.37723661,0.320079035050783,301.71827493
"490",28.459557645,"28",2804,"C","K2","K20Cb","K20C","R",0.338682718,0.291686084187281,301.609557645
"491",28.520001985,"29",2906,"C","K2","K20Cb","K20C","R",0.3597349,0.307289754276739,301.670001985
"492",28.44536375,"30",3001,"C","K2","K20Cb","K20C","R",0.281619789,0.24812473806793,301.59536375
"493",28.556070815,"31",3103,"C","K2","K20Cb","K20C","R",0.397465612,0.334660318946512,301.706070815
"494",28.412209935,"32",3205,"C","K2","K20Cb","K20C","R",0.392030535,0.330763497734854,301.562209935
"495",28.492968995,"33",3306,"C","K2","K20Cb","K20C","R",0.346683799,0.297645125253728,301.642968995
"496",28.46833655,"34",3402,"C","K2","K20Cb","K20C","R",0.372996834,0.316995820883685,301.61833655
"497",28.40618909,"27",2702,"C","K2","K20Cc","K20C","R",0.451064475,0.372297407787353,301.55618909
"498",28.30339574,"28",2803,"C","K2","K20Cc","K20C","R",0.486902896,0.396695363395517,301.45339574
"499",28.31938321,"29",2905,"C","K2","K20Cc","K20C","R",0.47833235,0.39091466192974,301.46938321
"500",28.362135585,"30",3006,"C","K2","K20Cc","K20C","R",0.495637947,0.402552836224729,301.512135585
"501",28.3960556,"31",3102,"C","K2","K20Cc","K20C","R",0.571805985,0.452225267179041,301.5460556
"502",28.3685016,"32",3205,"C","K2","K20Cc","K20C","R",0.496683465,0.403251636853801,301.5185016
"503",28.40048862,"33",3305,"C","K2","K20Cc","K20C","R",0.449205613,0.371015553202689,301.55048862
"504",28.682850655,"34",3401,"C","K2","K20Cc","K20C","R",0.494848359,0.402024769591042,301.832850655
"505",28.51200627,"27",2703,"C","K2","K20Cd","K20C","R",0.410567711,0.343992255270492,301.66200627
"506",28.527113365,"28",2805,"C","K2","K20Cd","K20C","R",0.461629496,0.379551906502008,301.677113365
"507",28.50222913,"29",2906,"C","K2","K20Cd","K20C","R",0.467711726,0.383704538974226,301.65222913
"508",28.533099845,"30",3002,"C","K2","K20Cd","K20C","R",0.444612632,0.367841210885455,301.683099845
"509",28.6132263,"31",3104,"C","K2","K20Cd","K20C","R",0.548492235,0.437281705888357,301.7632263
"510",28.56478412,"32",3205,"C","K2","K20Cd","K20C","R",0.47327414,0.387487230143813,301.71478412
"511",28.55228898,"33",3301,"C","K2","K20Cd","K20C","R",0.569174158,0.450549466953574,301.70228898
"512",28.580479615,"34",3402,"C","K2","K20Cd","K20C","R",0.392268138,0.330934171235424,301.730479615
"513",28.307436125,"27",2706,"T1","M5","M501a","M501","R",0.416538372,0.34821612922615,301.457436125
"514",28.3534906,"28",2802,"T1","M5","M501a","M501","R",0.49185167,0.400018079949302,301.5034906
"515",28.355797165,"29",2903,"T1","M5","M501a","M501","R",0.432612298,0.359499559553383,301.505797165
"516",28.30045088,"30",3005,"T1","M5","M501a","M501","R",0.480770888,0.392562822440461,301.45045088
"517",28.291902645,"31",3101,"T1","M5","M501a","M501","R",0.541499725,0.432755789946387,301.441902645
"518",28.36586251,"32",3202,"T1","M5","M501a","M501","R",0.551774142,0.439398884109081,301.51586251
"519",28.351356005,"33",3304,"T1","M5","M501a","M501","R",0.494924439,0.402075663090419,301.501356005
"520",28.24670015,"34",3405,"T1","M5","M501a","M501","R",0.373920585,0.31766839373093,301.39670015
"521",28.18807588,"27",2702,"T1","M5","M501b","M501","R",0.406249631,0.340926324570559,301.33807588
"522",28.22796757,"28",2803,"T1","M5","M501b","M501","R",0.427141075,0.35567319485562,301.37796757
"523",28.25493998,"29",2905,"T1","M5","M501b","M501","R",0.42043036,0.350959896119141,301.40493998
"524",28.290074385,"30",3006,"T1","M5","M501b","M501","R",0.517355886,0.416969271402228,301.440074385
"525",28.15756277,"31",3102,"T1","M5","M501b","M501","R",0.583547345,0.459667485507597,301.30756277
"526",28.11676352,"32",3204,"T1","M5","M501b","M501","R",0.619248014,0.48196185258639,301.26676352
"527",28.21753066,"33",3305,"T1","M5","M501b","M501","R",0.445387491,0.368377445477558,301.36753066
"528",28.20249505,"34",3401,"T1","M5","M501b","M501","R",0.44493395,0.368063611177131,301.35249505
"529",29.073833715,"27",2702,"T1","M5","M501c","M501","R",0.439064993,0.363993592277939,302.223833715
"530",29.15970212,"28",2804,"T1","M5","M501c","M501","R",0.537745101,0.430317123277823,302.30970212
"531",29.13200379,"29",2905,"T1","M5","M501c","M501","R",0.55567181,0.441907484486518,302.28200379
"532",29.14650744,"30",3001,"T1","M5","M501c","M501","R",0.530463696,0.425570758769172,302.29650744
"533",29.05561506,"31",3103,"T1","M5","M501c","M501","R",0.510553041,0.412475836090706,302.20561506
"534",29.091817605,"32",3204,"T1","M5","M501c","M501","R",0.509454073,0.411748044395505,302.241817605
"535",29.02703657,"33",3306,"T1","M5","M501c","M501","R",0.45737538,0.376637133014058,302.17703657
"536",28.91211814,"34",3401,"T1","M5","M501c","M501","R",0.458826007,0.377632007460052,302.06211814
"537",29.377231155,"27",2703,"T1","M5","M501d","M501","R",0.396312345,0.333834722150162,302.527231155
"538",29.540651855,"28",2804,"T1","M5","M501d","M501","R",0.494497039,0.401789721475256,302.690651855
"539",29.44993647,"29",2906,"T1","M5","M501d","M501","R",0.471799198,0.38648559659922,302.59993647
"540",29.403191795,"30",3001,"T1","M5","M501d","M501","R",0.583693234,0.459759609232628,302.553191795
"541",29.355126915,"31",3103,"T1","M5","M501d","M501","R",0.617909382,0.481134810887426,302.505126915
"542",29.364475595,"32",3205,"T1","M5","M501d","M501","R",0.565269361,0.448057924836869,302.514475595
"543",29.36887439,"33",3306,"T1","M5","M501d","M501","R",0.426394665,0.355150047374718,302.51887439
"544",29.387112545,"34",3402,"T1","M5","M501d","M501","R",0.495988178,0.402786977114644,302.537112545
"545",29.333946675,"27",2704,"T2","M5","M502a","M502","R",0.445027074,0.368128057721053,302.483946675
"546",29.287617625,"28",2805,"T2","M5","M502a","M502","R",0.488282444,0.397622732914533,302.437617625
"547",29.25560508,"29",2901,"T2","M5","M502a","M502","R",0.574959468,0.454229537343281,302.40560508
"548",29.35411946,"30",3002,"T2","M5","M502a","M502","R",0.583631468,0.459720607232,302.50411946
"549",29.251682385,"31",3104,"T2","M5","M502a","M502","R",0.687781548,0.523414973107018,302.401682385
"550",29.339921555,"32",3206,"T2","M5","M502a","M502","R",0.480554639,0.392416773653584,302.489921555
"551",29.36095908,"33",3301,"T2","M5","M502a","M502","R",0.46438861,0.381437824304168,302.51095908
"552",29.270233765,"34",3403,"T2","M5","M502a","M502","R",0.348019265,0.298636303931019,302.420233765
"553",29.261579115,"27",2702,"T2","M5","M502b","M502","R",0.395027087,0.332913832289118,302.411579115
"554",29.381689145,"28",2803,"T2","M5","M502b","M502","R",0.460522907,0.378794527077334,302.531689145
"555",29.38091948,"29",2905,"T2","M5","M502b","M502","R",0.441864117,0.365936802106386,302.53091948
"556",29.35088597,"30",3006,"T2","M5","M502b","M502","R",0.47430636,0.388187614776019,302.50088597
"557",29.310996065,"31",3102,"T2","M5","M502b","M502","R",0.620016021,0.482436038701565,302.460996065
"558",29.24302975,"32",3204,"T2","M5","M502b","M502","R",0.481327061,0.392938348851885,302.39302975
"559",29.306745865,"33",3305,"T2","M5","M502b","M502","R",0.43105117,0.358409258146045,302.456745865
"560",29.252750945,"34",3401,"T2","M5","M502b","M502","R",0.375091665,0.318520394351037,302.402750945
"561",29.26259676,"27",2701,"T2","M5","M502c","M502","R",0.388305188,0.328083713996102,302.41259676
"562",29.27355659,"28",2802,"T2","M5","M502c","M502","R",0.387825103,0.327737847660979,302.42355659
"563",29.238498395,"29",2904,"T2","M5","M502c","M502","R",0.396509161,0.333975666352935,302.388498395
"564",29.318144085,"30",3005,"T2","M5","M502c","M502","R",0.454894449,0.374933354349427,302.468144085
"565",29.310961425,"31",3101,"T2","M5","M502c","M502","R",0.463363363,0.38073745962071,302.460961425
"566",29.212063775,"32",3203,"T2","M5","M502c","M502","R",0.481631838,0.39314407360978,302.362063775
"567",29.17911644,"33",3304,"T2","M5","M502c","M502","R",0.343805965,0.29550586039866,302.32911644
"568",29.193431445,"34",3406,"T2","M5","M502c","M502","R",0.292674382,0.256713236675023,302.343431445
"569",29.46546559,"27",2702,"T2","M5","M502d","M502","R",0.420209363,0.350804299477542,302.61546559
"570",29.337882505,"28",2804,"T2","M5","M502d","M502","R",0.430202712,0.357816190868649,302.487882505
"571",29.440479595,"29",2905,"T2","M5","M502d","M502","R",0.386486384,0.326772765614368,302.590479595
"572",29.40697218,"30",3001,"T2","M5","M502d","M502","R",0.550642728,0.438669508207925,302.55697218
"573",29.47974485,"31",3103,"T2","M5","M502d","M502","R",0.589940238,0.463696429362241,302.62974485
"574",29.32747792,"32",3204,"T2","M5","M502d","M502","R",0.50397836,0.408113837126263,302.47747792
"575",29.406105945,"33",3306,"T2","M5","M502d","M502","R",0.410324017,0.343819477281044,302.556105945
"576",29.510334855,"34",3401,"T2","M5","M502d","M502","R",0.324848136,0.281297838529838,302.660334855
"577",30.500038895,"27",2701,"T3","M5","M503a","M503","R",0.408480537,0.342511489992456,303.650038895
"578",30.477991635,"28",2803,"T3","M5","M503a","M503","R",0.476002193,0.389337211949535,303.627991635
"579",30.377063855,"29",2904,"T3","M5","M503a","M503","R",0.451901488,0.372874068370951,303.527063855
"580",30.371860885,"30",3006,"T3","M5","M503a","M503","R",0.332009417,0.286688641913026,303.521860885
"581",30.28939975,"31",3102,"T3","M5","M503a","M503","R",0.608268199,0.475157947271684,303.43939975
"582",30.423050125,"32",3203,"T3","M5","M503a","M503","R",0.502779242,0.407316221739659,303.573050125
"583",30.402037195,"33",3305,"T3","M5","M503a","M503","R",0.39380318,0.33203611155218,303.552037195
"584",30.36028088,"34",3406,"T3","M5","M503a","M503","R",0.297237673,0.260237136811622,303.51028088
"585",30.5620949,"27",2703,"T3","M5","M503b","M503","R",0.440466264,0.364966855622246,303.7120949
"586",30.471864465,"28",2804,"T3","M5","M503b","M503","R",0.480640078,0.392474479416418,303.621864465
"587",30.50375077,"29",2906,"T3","M5","M503b","M503","R",0.472449506,0.386927344614387,303.65375077
"588",30.48170673,"30",3001,"T3","M5","M503b","M503","R",0.448237986,0.370347635431102,303.63170673
"589",30.29375416,"31",3103,"T3","M5","M503b","M503","R",0.599704345,0.469818827796,303.44375416
"590",30.32059529,"32",3205,"T3","M5","M503b","M503","R",0.364337437,0.310668916655859,303.47059529
"591",30.425420885,"33",3306,"T3","M5","M503b","M503","R",0.406828918,0.341338177277903,303.575420885
"592",30.315561155,"34",3402,"T3","M5","M503b","M503","R",0.36929813,0.314298294693832,303.465561155
"593",30.52681377,"27",2705,"T3","M5","M503c","M503","R",0.340421143,0.292983850406272,303.67681377
"594",30.16835582,"28",2806,"T3","M5","M503c","M503","R",0.405999247,0.340748257826452,303.31835582
"595",30.43520691,"29",2902,"T3","M5","M503c","M503","R",0.443718577,0.367222130202624,303.58520691
"596",30.46932537,"30",3003,"T3","M5","M503c","M503","R",0.474230632,0.388136248284622,303.61932537
"597",30.21551191,"31",3105,"T3","M5","M503c","M503","R",0.543131799,0.43381398710193,303.36551191
"598",30.42712498,"32",3201,"T3","M5","M503c","M503","R",0.399929399,0.336421806063899,303.57712498
"599",30.57888932,"33",3302,"T3","M5","M503c","M503","R",0.349876695,0.30001325124182,303.72888932
"600",30.43314977,"34",3404,"T3","M5","M503c","M503","R",0.316436488,0.27492845572175,303.58314977
"601",30.173532345,"27",2705,"T3","M5","M503d","M503","R",0.41329122,0.345921182962001,303.323532345
"602",29.985407325,"28",2801,"T3","M5","M503d","M503","R",0.532718465,0.427042933317547,303.135407325
"603",30.074466325,"29",2902,"T3","M5","M503d","M503","R",0.484979861,0.395401210546542,303.224466325
"604",30.17272712,"30",3004,"T3","M5","M503d","M503","R",0.519539624,0.418407410033725,303.32272712
"605",30.11139117,"31",3106,"T3","M5","M503d","M503","R",0.539942879,0.431745324179187,303.26139117
"606",29.930606265,"32",3201,"T3","M5","M503d","M503","R",0.497457841,0.403768897689631,303.080606265
"607",29.995470735,"33",3303,"T3","M5","M503d","M503","R",0.458199533,0.377202478132289,303.145470735
"608",30.033215805,"34",3404,"T3","M5","M503d","M503","R",0.347694033,0.298395008239953,303.183215805
"609",30.06650846,"27",2705,"C","M5","M50Ca","M50C","R",0.498883033,0.404720186055947,303.21650846
"610",29.92754295,"28",2806,"C","M5","M50Ca","M50C","R",0.576505411,0.455210632283799,303.07754295
"611",30.04331947,"29",2902,"C","M5","M50Ca","M50C","R",0.536621857,0.42958640761159,303.19331947
"612",29.948496655,"30",3003,"C","M5","M50Ca","M50C","R",0.701750358,0.531657343717578,303.098496655
"613",30.12288274,"31",3105,"C","M5","M50Ca","M50C","R",0.636907195,0.492808604662208,303.27288274
"614",30.12511244,"32",3201,"C","M5","M50Ca","M50C","R",0.512933019,0.414050163502399,303.27511244
"615",30.007358035,"33",3302,"C","M5","M50Ca","M50C","R",0.442865176,0.366630842301154,303.157358035
"616",30.12240435,"34",3404,"C","M5","M50Ca","M50C","R",0.35335956,0.3025900640681,303.27240435
"617",30.0503049,"27",2702,"C","M5","M50Cb","M50C","R",0.478604833,0.391098962768011,303.2003049
"618",30.02434929,"28",2804,"C","M5","M50Cb","M50C","R",0.50944874,0.411744511323835,303.17434929
"619",30.06914109,"29",2905,"C","M5","M50Cb","M50C","R",0.562430231,0.446242449471482,303.21914109
"620",29.99665551,"30",3001,"C","M5","M50Cb","M50C","R",0.630812774,0.4890785248977,303.14665551
"621",30.07060262,"31",3103,"C","M5","M50Cb","M50C","R",0.628480932,0.487647636730999,303.22060262
"622",29.968110165,"32",3204,"C","M5","M50Cb","M50C","R",0.570206915,0.451207403669914,303.118110165
"623",29.92916213,"33",3306,"C","M5","M50Cb","M50C","R",0.460942467,0.379081752800848,303.07916213
"624",30.050941335,"34",3401,"C","M5","M50Cb","M50C","R",0.39342328,0.331763510808893,303.200941335
"625",31.455521715,"27",2701,"C","M5","M50Cc","M50C","R",0.365832164,0.311763886835584,304.605521715
"626",31.294172455,"28",2802,"C","M5","M50Cc","M50C","R",0.486257209,0.396261019473665,304.444172455
"627",31.407467295,"29",2904,"C","M5","M50Cc","M50C","R",0.537697461,0.430286142370819,304.557467295
"628",31.34936934,"30",3005,"C","M5","M50Cc","M50C","R",0.512011128,0.413440637518618,304.49936934
"629",31.379657755,"31",3101,"C","M5","M50Cc","M50C","R",0.586566646,0.461572339352932,304.529657755
"630",31.33998551,"32",3203,"C","M5","M50Cc","M50C","R",0.535886432,0.429107694491969,304.48998551
"631",31.21168916,"33",3304,"C","M5","M50Cc","M50C","R",0.452804156,0.373495589543619,304.36168916
"632",31.225473765,"34",3406,"C","M5","M50Cc","M50C","R",0.329939938,0.28513378181545,304.375473765
"633",31.44194396,"27",2701,"C","M5","M50Cd","M50C","R",2.322717009,1.200782824446,304.59194396
"634",31.439874745,"28",2803,"C","M5","M50Cd","M50C","R",2.074003675,1.12298084062642,304.589874745
"635",31.36961761,"29",2904,"C","M5","M50Cd","M50C","R",2.241822679,1.17613572687627,304.51961761
"636",31.321017275,"30",3006,"C","M5","M50Cd","M50C","R",2.250455515,1.17879514498191,304.471017275
"637",31.33250309,"31",3102,"C","M5","M50Cd","M50C","R",2.148722981,1.14699696778244,304.48250309
"638",31.37693176,"32",3203,"C","M5","M50Cd","M50C","R",2.256516958,1.18065820642205,304.52693176
"639",31.38428689,"33",3305,"C","M5","M50Cd","M50C","R",1.862827845,1.05180989332655,304.53428689
"640",31.471049585,"34",3407,"C","M5","M50Cd","M50C","R",1.359147794,0.858300449586396,304.621049585
"641",31.435326005,"27",2705,"T1","M6","M601a","M601","R",0.363419668,0.309996005542953,304.585326005
"642",31.31575227,"28",2806,"T1","M6","M601a","M601","R",0.422242705,0.35223499543877,304.46575227
"643",31.28169072,"29",2902,"T1","M6","M601a","M601","R",0.406690377,0.341239694924959,304.43169072
"644",31.390963795,"30",3003,"T1","M6","M601a","M601","R",0.509812075,0.411985189439452,304.540963795
"645",31.2608723,"31",3105,"T1","M6","M601a","M601","R",0.487607523,0.397169140195006,304.4108723
"646",31.33674537,"32",3201,"T1","M6","M601a","M601","R",0.477141755,0.390108973893163,304.48674537
"647",31.36257244,"33",3302,"T1","M6","M601a","M601","R",0.463218457,0.380638432148368,304.51257244
"648",31.320709565,"34",3404,"T1","M6","M601a","M601","R",0.317234974,0.275534822944076,304.470709565
"649",31.41614239,"27",2701,"T1","M6","M601b","M601","R",0.457893394,0.376992512943396,304.56614239
"650",31.288192515,"28",2802,"T1","M6","M601b","M601","R",0.555501667,0.441798109036112,304.438192515
"651",31.31369879,"29",2904,"T1","M6","M601b","M601","R",0.604093314,0.47255868356265,304.46369879
"652",31.286240605,"30",3005,"T1","M6","M601b","M601","R",0.504542527,0.408488883222204,304.436240605
"653",31.229983105,"31",3101,"T1","M6","M601b","M601","R",0.603252884,0.472034617891311,304.379983105
"654",31.238778995,"32",3203,"T1","M6","M601b","M601","R",0.532022166,0.426588539882137,304.388778995
"655",31.256068605,"33",3304,"T1","M6","M601b","M601","R",0.494776884,0.401976954233461,304.406068605
"656",31.235567175,"34",3406,"T1","M6","M601b","M601","R",0.452715344,0.373434456241965,304.385567175
"657",31.321951975,"27",2704,"T1","M6","M601c","M601","R",0.377137894,0.320007355618738,304.471951975
"658",31.252267745,"28",2806,"T1","M6","M601c","M601","R",0.457697501,0.376858136751845,304.402267745
"659",31.316854405,"29",2901,"T1","M6","M601c","M601","R",0.493781856,0.401311062662752,304.466854405
"660",31.32580415,"30",3003,"T1","M6","M601c","M601","R",0.559251354,0.44420580478992,304.47580415
"661",31.363457575,"31",3105,"T1","M6","M601c","M601","R",0.56351531,0.446936690000851,304.513457575
"662",31.21954279,"32",3206,"T1","M6","M601c","M601","R",0.561626015,0.445727595733625,304.36954279
"663",31.419540525,"33",3302,"T1","M6","M601c","M601","R",0.408554424,0.342563947275408,304.569540525
"664",31.421600225,"34",3403,"T1","M6","M601c","M601","R",0.22305238,0.201349684896644,304.571600225
"665",31.336803295,"27",2705,"T1","M6","M601d","M601","R",0.355300849,0.30402345846921,304.486803295
"666",31.297544525,"28",2801,"T1","M6","M601d","M601","R",0.40359398,0.339036075746509,304.447544525
"667",31.33400728,"29",2902,"T1","M6","M601d","M601","R",0.405437754,0.34034882294154,304.48400728
"668",31.294099475,"30",3004,"T1","M6","M601d","M601","R",0.467144247,0.383317822207003,304.444099475
"669",31.389877075,"31",3106,"T1","M6","M601d","M601","R",0.465824088,0.382417601721565,304.539877075
"670",31.19768445,"32",3201,"T1","M6","M601d","M601","R",0.447238309,0.369657125865234,304.34768445
"671",31.313615665,"33",3303,"T1","M6","M601d","M601","R",0.314836574,0.273712379579541,304.463615665
"672",31.35893987,"34",3404,"T1","M6","M601d","M601","R",0.251238788,0.224134090967786,304.50893987
"673",32.58202413,"27",2701,"T2","M6","M602a","M602","R",0.461592658,0.379526702806865,305.73202413
"674",32.555130425,"28",2803,"T2","M6","M602a","M602","R",0.457368372,0.376632324358069,305.705130425
"675",32.522805715,"29",2904,"T2","M6","M602a","M602","R",0.441785343,0.365882167171654,305.672805715
"676",32.432220355,"30",3006,"T2","M6","M602a","M602","R",0.404741334,0.339853181921912,305.582220355
"677",32.53686138,"31",3102,"T2","M6","M602a","M602","R",0.449963694,0.371538517498322,305.68686138
"678",32.45448318,"32",3203,"T2","M6","M602a","M602","R",0.377216673,0.320064558856814,305.60448318
"679",32.40641242,"33",3305,"T2","M6","M602a","M602","R",0.349992586,0.300099100583406,305.55641242
"680",32.40609059,"34",3406,"T2","M6","M602a","M602","R",0.317196165,0.275505360036939,305.55609059
"681",32.53658879,"27",2706,"T2","M6","M602b","M602","R",0.359539869,0.307146310883259,305.68658879
"682",32.48985324,"28",2802,"T2","M6","M602b","M602","R",0.383536764,0.324643093075737,305.63985324
"683",32.54473889,"29",2903,"T2","M6","M602b","M602","R",0.398695812,0.33554023958973,305.69473889
"684",32.46202605,"30",3005,"T2","M6","M602b","M602","R",0.340438331,0.292996673159697,305.61202605
"685",32.404944755,"31",3101,"T2","M6","M602b","M602","R",0.475173084,0.388775327992133,305.554944755
"686",32.376713815,"32",3202,"T2","M6","M602b","M602","R",0.44446983,0.36774235458627,305.526713815
"687",32.55712422,"33",3304,"T2","M6","M602b","M602","R",0.363062916,0.309734311590364,305.70712422
"688",32.479852835,"34",3405,"T2","M6","M602b","M602","R",0.322187586,0.279287626975972,305.629852835
"689",32.53213633,"27",2705,"T2","M6","M602c","M602","R",0.399207876,0.33590627363723,305.68213633
"690",32.328447755,"28",2801,"T2","M6","M602c","M602","R",0.496870145,0.403376358188083,305.478447755
"691",32.51233687,"29",2902,"T2","M6","M602c","M602","R",0.536706055,0.429641200332986,305.66233687
"692",32.466736915,"30",3004,"T2","M6","M602c","M602","R",0.496401958,0.403063531964668,305.616736915
"693",32.325335055,"31",3106,"T2","M6","M602c","M602","R",0.517309167,0.416938481183744,305.475335055
"694",32.505297345,"32",3201,"T2","M6","M602c","M602","R",0.501683457,0.406586783461759,305.655297345
"695",32.47950288,"33",3303,"T2","M6","M602c","M602","R",0.382088416,0.323595700144199,305.62950288
"696",32.419153505,"34",3404,"T2","M6","M602c","M602","R",0.422913952,0.352706847848586,305.569153505
"697",32.386175265,"27",2703,"T2","M6","M602d","M602","R",0.419678159,0.350430197332946,305.536175265
"698",32.39670963,"28",2805,"T2","M6","M602d","M602","R",0.374415962,0.318028885975525,305.54670963
"699",32.40149262,"29",2906,"T2","M6","M602d","M602","R",0.436978665,0.362542760083401,305.55149262
"700",32.45038575,"30",3002,"T2","M6","M602d","M602","R",0.460820005,0.378997925315728,305.60038575
"701",32.339457395,"31",3104,"T2","M6","M602d","M602","R",0.468484404,0.384230851239229,305.489457395
"702",32.342868145,"32",3205,"T2","M6","M602d","M602","R",0.473329399,0.387524737055941,305.492868145
"703",32.447311195,"33",3301,"T2","M6","M602d","M602","R",0.483477006,0.394388660797136,305.597311195
"704",32.413366325,"34",3402,"T2","M6","M602d","M602","R",0.352023131,0.30160208620223,305.563366325
"705",32.37944494,"27",2704,"T3","M6","M603a","M603","R",0.377079522,0.319964968260594,305.52944494
"706",32.44435799,"28",2806,"T3","M6","M603a","M603","R",0.473666866,0.387753761439502,305.59435799
"707",32.462226215,"29",2901,"T3","M6","M603a","M603","R",0.397511841,0.334693398998699,305.612226215
"708",32.47530242,"30",3003,"T3","M6","M603a","M603","R",0.542728052,0.433552311574331,305.62530242
"709",32.388508985,"31",3105,"T3","M6","M603a","M603","R",0.484429643,0.395030619689635,305.538508985
"710",32.38730723,"32",3206,"T3","M6","M603a","M603","R",0.393894698,0.332101770030278,305.53730723
"711",32.456493975,"33",3302,"T3","M6","M603a","M603","R",0.31170581,0.271328435195624,305.606493975
"712",32.31831103,"34",3403,"T3","M6","M603a","M603","R",0.270101828,0.239097076783852,305.46831103
"713",32.55467974,"27",2706,"T3","M6","M603b","M603","R",0.350405864,0.300405187267189,305.70467974
"714",32.496222465,"28",2801,"T3","M6","M603b","M603","R",0.441567322,0.365730939745982,305.646222465
"715",32.37126328,"29",2903,"T3","M6","M603b","M603","R",0.390586694,0.329725740105433,305.52126328
"716",32.56344148,"30",3004,"T3","M6","M603b","M603","R",0.461929555,0.379757176172173,305.71344148
"717",32.519777345,"31",3106,"T3","M6","M603b","M603","R",0.494266026,0.401635133777646,305.669777345
"718",32.480980655,"32",3202,"T3","M6","M603b","M603","R",0.43112695,0.358462210825327,305.630980655
"719",32.28836503,"33",3303,"T3","M6","M603b","M603","R",0.346515993,0.297520510659062,305.43836503
"720",32.48209671,"34",3405,"T3","M6","M603b","M603","R",0.266948143,0.236610971535327,305.63209671
"721",33.12116363,"27",2706,"T3","M6","M603c","M603","R",0.402380906,0.338171439301167,306.27116363
"722",33.08150393,"28",2802,"T3","M6","M603c","M603","R",0.465909734,0.382476028581044,306.23150393
"723",33.015058935,"29",2903,"T3","M6","M603c","M603","R",0.423851494,0.353365519630072,306.165058935
"724",33.036622965,"30",3005,"T3","M6","M603c","M603","R",0.453898252,0.374248398671007,306.186622965
"725",33.05494463,"31",3101,"T3","M6","M603c","M603","R",0.460171079,0.37855360625277,306.20494463
"726",33.083059005,"32",3202,"T3","M6","M603c","M603","R",0.390144397,0.329407624480976,306.233059005
"727",33.174922625,"33",3304,"T3","M6","M603c","M603","R",0.352124213,0.301676846921369,306.324922625
"728",32.98174191,"34",3405,"T3","M6","M603c","M603","R",0.338044145,0.291208954435313,306.13174191
"729",33.226481185,"27",2702,"T3","M6","M603d","M603","R",0.479355145,0.391606279987766,306.376481185
"730",33.203642755,"28",2804,"T3","M6","M603d","M603","R",0.465540104,0.382223846198683,306.353642755
"731",33.158120295,"29",2905,"T3","M6","M603d","M603","R",0.474170378,0.388095375961078,306.308120295
"732",33.013744635,"30",3001,"T3","M6","M603d","M603","R",0.565591522,0.448263721908777,306.163744635
"733",33.117356915,"31",3103,"T3","M6","M603d","M603","R",0.499948949,0.405431073528995,306.267356915
"734",33.008670785,"32",3204,"T3","M6","M603d","M603","R",0.537086182,0.429888534552497,306.158670785
"735",33.00910734,"33",3306,"T3","M6","M603d","M603","R",0.357573599,0.305698987930874,306.15910734
"736",33.12987064,"34",3401,"T3","M6","M603d","M603","R",0.376419568,0.319485611637573,306.27987064
"737",33.27791239,"27",2706,"C","M6","M60Ca","M60C","R",0.388577669,0.328279963542738,306.42791239
"738",33.17628505,"28",2802,"C","M6","M60Ca","M60C","R",0.437369256,0.362814537205127,306.32628505
"739",33.11838559,"29",2903,"C","M6","M60Ca","M60C","R",0.3847469,0.32551737925733,306.26838559
"740",33.141422645,"30",3005,"C","M6","M60Ca","M60C","R",0.406330831,0.340984065140914,306.291422645
"741",33.234129785,"31",3101,"C","M6","M60Ca","M60C","R",0.453141943,0.373728069424535,306.384129785
"742",33.12939257,"32",3202,"C","M6","M60Ca","M60C","R",0.455845954,0.375587143353016,306.27939257
"743",33.21998648,"33",3304,"C","M6","M60Ca","M60C","R",0.376847373,0.319796373370896,306.36998648
"744",33.180355475,"34",3405,"C","M6","M60Ca","M60C","R",0.30504856,0.266240250810324,306.330355475
"745",33.11741915,"27",2704,"C","M6","M60Cb","M60C","R",0.387118536,0.327228599829535,306.26741915
"746",33.13844721,"28",2805,"C","M6","M60Cb","M60C","R",0.399422772,0.336059845885555,306.28844721
"747",33.26058838,"29",2901,"C","M6","M60Cb","M60C","R",0.463030498,0.380509968027133,306.41058838
"748",33.179211335,"30",3002,"C","M6","M60Cb","M60C","R",0.378291959,0.320845021702834,306.329211335
"749",33.230027065,"31",3104,"C","M6","M60Cb","M60C","R",0.397253247,0.334508343015391,306.380027065
"750",33.14598954,"32",3206,"C","M6","M60Cb","M60C","R",0.461161438,0.379231624952919,306.29598954
"751",33.093841335,"33",3301,"C","M6","M60Cb","M60C","R",0.461034194,0.379144537012135,306.243841335
"752",33.25299153,"34",3403,"C","M6","M60Cb","M60C","R",0.203581681,0.18530184548511,306.40299153
"753",32.974775725,"27",2706,"C","M6","M60Cc","M60C","R",0.400662358,0.336945237595755,306.124775725
"754",33.018056475,"28",2801,"C","M6","M60Cc","M60C","R",0.414206308,0.346568460650407,306.168056475
"755",33.21034995,"29",2903,"C","M6","M60Cc","M60C","R",0.353910612,0.302997154585559,306.36034995
"756",33.072978985,"30",3004,"C","M6","M60Cc","M60C","R",0.386913577,0.327080830090741,306.222978985
"757",33.094313525,"31",3106,"C","M6","M60Cc","M60C","R",0.490772808,0.399294648585408,306.244313525
"758",33.130887935,"32",3202,"C","M6","M60Cc","M60C","R",0.419014117,0.34996234668374,306.280887935
"759",33.144474,"33",3303,"C","M6","M60Cc","M60C","R",0.389425989,0.328890704298191,306.294474
"760",33.02319064,"34",3405,"C","M6","M60Cc","M60C","R",0.336172308,0.289809039852037,306.17319064
"761",33.206904665,"27",2705,"C","M6","M60Cd","M60C","R",0.344021342,0.295666121439166,306.356904665
"762",33.0637045,"28",2801,"C","M6","M60Cd","M60C","R",0.443247579,0.366895837493442,306.2137045
"763",33.182787155,"29",2902,"C","M6","M60Cd","M60C","R",0.416654314,0.348297974700789,306.332787155
"764",33.144113265,"30",3004,"C","M6","M60Cd","M60C","R",0.424312131,0.35368898208846,306.294113265
"765",33.13343354,"31",3106,"C","M6","M60Cd","M60C","R",0.427678709,0.356049844905035,306.28343354
"766",32.994130505,"32",3201,"C","M6","M60Cd","M60C","R",0.523565839,0.421053534131782,306.144130505
"767",33.200718715,"33",3303,"C","M6","M60Cd","M60C","R",0.374076921,0.317782175493706,306.350718715
"768",33.16693719,"34",3404,"C","M6","M60Cd","M60C","R",0.32699223,0.282914900020193,306.31693719
