"","fragment.ID.full","Intercept","umol.L.sec","Temp.C"
"1","Blk1_2701",162.773316148867,-0.0001284344193501,26.3472138225476
"2","Blk1_2701D",162.538884005612,-0.000446847740420647,26.387263982732
"3","Blk1_2702",165.467035023373,-7.29889239962098e-05,26.4020678466221
"4","Blk1_2702D",165.218132565324,-0.000345449747149117,26.4026499359641
"5","Blk1_2703",150.226146002237,-0.000464650085317417,26.399620958132
"6","Blk1_2703D",149.750693454564,-0.000527145626703263,26.3615107739592
"7","Blk1_2704",161.263360107552,-0.000497897566321875,26.3253003980528
"8","Blk1_2704D",160.771279285246,-0.000618114660912795,26.3039249633298
"9","Blk1_2705",156.23501140922,-0.000784819162662823,26.420826783074
"10","Blk1_2705D",155.446485052094,-0.000569070837988728,26.3866896666147
"11","Blk1_2706",146.513075491893,-0.000661379234096819,26.3525212834462
"12","Blk1_2706D",145.859448758488,-0.000580975981139814,26.3229125065413
"13","Blk1_2801",197.084118152504,-0.000388424624426542,27.1063212201089
"14","Blk1_2801D",196.85087868714,-0.000361785202219813,27.063356637466
"15","Blk1_2802",188.345027671377,-0.000559835586935158,26.9411306545796
"16","Blk1_2802D",187.72535563254,-0.000673596196839845,27.0293169707044
"17","Blk1_2803",188.411070939171,-0.000823438516583941,27.1529609861822
"18","Blk1_2803D",187.405301138749,-0.000886163311042783,27.1610462632359
"19","Blk1_2804",180.519045585069,-0.00123957362983847,27.1687191216668
"20","Blk1_2804D",179.129656968722,-0.00109024340276703,27.1223163855737
"21","Blk1_2805",169.788310630513,-0.00128337935096964,27.2015415399695
"22","Blk1_2805D",168.039276439491,-0.00135180799181339,27.1993537147748
"23","Blk1_2806",167.240683533445,-0.00175476750610501,27.2799103903146
"24","Blk1_2806D",165.214162553427,-0.0016287885526913,27.1978758994088
"25","Blk1_2901",202.024550656707,9.96198744812875e-05,28.362045294073
"26","Blk1_2901D",202.230492665346,-6.72676686576887e-05,28.2337364922642
"27","Blk1_2902",182.149896297816,-5.94424553334124e-05,28.4871304908697
"28","Blk1_2902D",182.047397627363,-4.55340480319071e-06,28.4664267463987
"29","Blk1_2903",201.867371485822,-0.000170795453949498,28.4077935036734
"30","Blk1_2903D",201.5353865811,-0.000108121631935686,28.3218314993317
"31","Blk1_2904",190.64562940462,-0.000302458412578584,28.6281192571915
"32","Blk1_2904D",190.273782231927,-0.000303381488593587,28.4692890807077
"33","Blk1_2905",173.086111904668,-0.00342980233426731,28.5909149290211
"34","Blk1_2905D",169.123593049979,-0.00143042155066703,28.4539483299658
"35","Blk1_2906",163.709711312446,-0.00174394339921998,28.2187755986689
"36","Blk1_2906D",161.794539554589,-0.00169366003038566,28.2255100460794
"37","Blk1_3001",181.080621184887,-0.00235092988390775,28.7491274968965
"38","Blk1_3001D",178.559393419382,-0.00256302949672019,28.8988286020085
"39","Blk1_3002",167.272580089071,-0.00316581705498258,29.4321493051856
"40","Blk1_3002D",163.602393232048,-0.00301883520939337,29.4053352579145
"41","Blk1_3003",151.512230205168,-0.00335336354294911,29.365038798689
"42","Blk1_3003D",147.835419229392,-0.00319435392381807,29.3871010308652
"43","Blk1_3004",132.220657463086,-0.00337122842267219,29.2454234756821
"44","Blk1_3004D",136.098594399522,-0.00353079709957632,29.1604231538628
"45","Blk1_3005",123.304388640711,-0.00385968583430027,29.138505926093
"46","Blk1_3005D",119.098919247812,-0.00368934557681615,29.16360387088
"47","Blk1_3006",155.399043891488,-0.00131729411015444,29.4212171393054
"48","Blk1_3006D",153.993392037965,-0.00114614781842155,29.3226687270649
"49","Blk1_3101",182.163890964475,-0.00107007632899368,30.3111519550656
"50","Blk1_3101D",180.993529923269,-0.00152836452597789,30.3296628256103
"51","Blk1_3102",164.454608832716,-0.00151792516417795,30.3775172717945
"52","Blk1_3102D",162.686858752371,-0.00178097255414344,30.4572512214248
"53","Blk1_3103",150.807481248317,-0.00164722336815016,30.4464759575284
"54","Blk1_3103D",148.899042544098,-0.00160283704427068,30.3660712027638
"55","Blk1_3104",144.408006290374,-0.00198935783202621,30.0978354752448
"56","Blk1_3104D",142.059532441599,-0.00187966162487683,30.1210570300101
"57","Blk1_3105",143.097580077085,-0.0024021331819055,29.9219118649634
"58","Blk1_3105D",140.588055809472,-0.00176617996241901,30.0718046873127
"59","Blk1_3106",134.276850283046,-0.00283079262755475,29.7964579847757
"60","Blk1_3106D",130.72741138931,-0.00272860693249418,29.8979411777118
"61","Blk1_3201",167.217600406935,-0.00119795326617143,31.428392475935
"62","Blk1_3201D",166.022196917087,-0.000877023789945599,31.4040502745929
"63","Blk1_3202",154.759042650938,-0.00101536961620881,31.2615909432251
"64","Blk1_3202D",153.665995668767,-0.00109054347279966,31.2841955414241
"65","Blk1_3203",150.607926375226,-0.00131525549203484,31.3385545606856
"66","Blk1_3203D",149.309110809408,-0.00107525367847804,31.3840247850666
"67","Blk1_3204",145.181807602964,-0.00281005174153143,31.2416087923455
"68","Blk1_3204D",142.163344088552,-0.00156762460161663,31.3576535412589
"69","Blk1_3205",137.640931105938,-0.00356799995326943,31.410735438506
"70","Blk1_3205D",133.915152427016,-0.00308576165836392,31.4256834911202
"71","Blk1_3206",127.669671406824,-0.00298288486223542,30.9821847178003
"72","Blk1_3206D",124.41817440647,-0.00263941072037022,31.1336709322905
"73","Blk1_3301",161.196508791472,-0.00214342184272363,32.4347185303672
"74","Blk1_3301D",158.224568790367,-0.00174184683708721,32.5195685792785
"75","Blk1_3302",147.329235625344,-0.00268321926207306,32.3604910411861
"76","Blk1_3302D",143.32899448169,-0.00201784256938333,32.3646191968955
"77","Blk1_3303",135.479670339279,-0.00238927573795986,32.2960723400806
"78","Blk1_3303D",133.049127531015,-0.00159220879990929,32.3308603231257
"79","Blk1_3304",127.97051364368,-0.00160946721689895,32.4695868258752
"80","Blk1_3304D",125.89976397028,-0.00148522358212536,32.4457314351902
"81","Blk1_3305",117.242554722611,-0.00221359231639234,32.2823165384575
"82","Blk1_3305D",114.534348337205,-0.00176402771170274,32.4108276940693
"83","Blk1_3306",115.016793351616,-0.00240244248866766,32.4305423832887
"84","Blk1_3306D",112.665159962051,-0.00135146702282015,32.3656764933142
"85","Blk1_3401",170.800228642663,-0.000651741266792889,33.0703698632254
"86","Blk1_3401D",170.14833736128,-0.000802412813480146,33.1046996979371
"87","Blk1_3402",153.278699911599,-0.0025934755130268,33.0887262757198
"88","Blk1_3402D",150.433089320184,-0.00124609115713889,33.1878281551964
"89","Blk1_3403",153.960967155885,-0.00342003739477373,33.0817142796791
"90","Blk1_3403D",150.293954328411,-0.00268778306904102,33.1001856521549
"91","Blk1_3404",136.60635187036,-0.00295455337141937,33.1026912482598
"92","Blk1_3404D",133.582850902333,-0.00199945723280272,33.1099829485213
"93","Blk1_3405",127.124815934568,-0.00265517598659689,33.0818829676661
"94","Blk1_3405D",124.628385308023,-0.00172317789765218,33.1303954750726
"95","Blk1_3406",119.909515081116,-0.00258616637866317,32.8085781187398
"96","Blk1_3406D",117.379706065203,-0.00187947324463795,32.9629525556193
"97","Blk1_3407",116.957333631179,-0.00255731137594778,32.9274259854635
"98","Blk1_3407D",114.512751369635,-0.00179514289390837,32.9978098838751
"99","Blk2_2701",174.163672056057,-0.000476423309211248,26.3758055632274
"100","Blk2_2701D",173.558503973739,-0.000481527964602242,26.3350879609728
"101","Blk2_2702",159.432204033819,-0.000365256754653651,26.3615418783766
"102","Blk2_2702D",159.013914709003,-0.000271031551887992,26.3930223354302
"103","Blk2_2703",162.577348905156,-0.000439214887734689,26.3210821882036
"104","Blk2_2703D",162.04673486573,-0.000539309205581104,26.3073781467551
"105","Blk2_2704",161.857691513485,-0.000722456527114241,26.3962691673682
"106","Blk2_2704D",161.180396875405,-0.000684525719069947,26.3402638658259
"107","Blk2_2705",160.402596778456,-0.000705793480114762,26.3303687758402
"108","Blk2_2705D",159.659067494596,-0.000761785486699859,26.2992072276551
"109","Blk2_2706",154.759704998617,-0.000762149856406496,26.4463347720415
"110","Blk2_2706D",154.090813448342,-0.000589780390222193,26.398903755834
"111","Blk2_2801",206.896656657297,5.35816855765492e-05,27.0873857186773
"112","Blk2_2801D",206.916950451265,-0.000184948593694101,27.0451544258084
"113","Blk2_2802",191.540815354294,-0.000620389839820581,27.1973506148991
"114","Blk2_2802D",190.848118069369,-0.000538438194315085,27.1779412725311
"115","Blk2_2803",186.175175099627,-0.000795145082704796,27.1199059023094
"116","Blk2_2803D",185.225316061818,-0.00088196317220856,27.1436116521586
"117","Blk2_2804",180.736208687637,-0.000998393526644557,27.186663190352
"118","Blk2_2804D",179.614439094563,-0.000945986867727144,27.1464864038509
"119","Blk2_2805",174.660188465626,-0.00129956969686647,27.3764787679303
"120","Blk2_2805D",172.902140244146,-0.00146605726033585,27.3086392790002
"121","Blk2_2806",165.543453165747,-0.00145689642415125,27.1604581078852
"122","Blk2_2806D",163.682177265454,-0.00161511950721257,27.1018336912526
"123","Blk2_2901",196.736603441433,-0.000114663240783832,28.2734881930901
"124","Blk2_2901D",196.657686239033,-0.000308181024876042,28.1937826323964
"125","Blk2_2902",210.987407696248,-9.37598796957972e-05,28.4261823989236
"126","Blk2_2902D",210.889976217488,-0.000115235677596138,28.4156011007822
"127","Blk2_2903",166.281161384716,-0.000563577846904532,28.2978459911351
"128","Blk2_2903D",165.478676353646,-0.000368216798439096,28.263569056381
"129","Blk2_2904",179.205552932239,-0.000351831532115383,28.6454550039593
"130","Blk2_2904D",178.77720980375,-0.000230000741369945,28.4398077166964
"131","Blk2_2905",171.995545012229,-0.0013923659121641,28.2971198928497
"132","Blk2_2905D",169.840032076182,-0.00156976377539564,28.2473655755853
"133","Blk2_2906",172.050603929819,-0.00201087150052084,28.1044689933332
"134","Blk2_2906D",170.046425395645,-0.0018261596015985,28.1386942642117
"135","Blk2_3001",165.002636171533,-0.00206069920885345,29.0193899138601
"136","Blk2_3001D",162.766954258079,-0.00213807300807243,29.0498103407341
"137","Blk2_3002",160.479200216879,-0.00283123651271081,29.4256983636515
"138","Blk2_3002D",157.245103298108,-0.00269442942928006,29.4273155766887
"139","Blk2_3003",140.192739141299,-0.00305066096945625,29.2281655985016
"140","Blk2_3003D",136.868060009727,-0.00282177390491946,29.2700848338655
"141","Blk2_3004",133.423570269913,-0.0040651165643619,29.3483887896843
"142","Blk2_3004D",137.226643346683,-0.00354311024074544,29.2774955320595
"143","Blk2_3005",131.24378861192,-0.00403974483224816,29.1248282060557
"144","Blk2_3005D",126.830120166343,-0.00397518776841857,29.1615780918639
"145","Blk2_3006",166.162896636332,-0.0016878604583976,29.4071943640094
"146","Blk2_3006D",164.367071546685,-0.00152044323145268,29.2895972517831
"147","Blk2_3101",168.452322180677,-0.000858097725658173,30.3169320951619
"148","Blk2_3101D",167.377015313473,-0.00123075142455008,30.3783998752195
"149","Blk2_3102",164.456148265687,-0.0017837247101919,30.3636590226027
"150","Blk2_3102D",162.536627581719,-0.00159782997946022,30.4241357348378
"151","Blk2_3103",163.687768591302,-0.00208755042484392,30.2335292395004
"152","Blk2_3103D",161.280342274649,-0.0018618324800959,30.1930573616075
"153","Blk2_3104",149.161015880586,-0.0020320126385045,29.961314184411
"154","Blk2_3104D",146.81379153472,-0.00193612206081697,29.9888013949891
"155","Blk2_3105",143.632955082169,-0.00232006303178013,30.1419679545148
"156","Blk2_3105D",141.104231350016,-0.00176333693356568,30.1864706082726
"157","Blk2_3106",134.87516536894,-0.00285652343607332,29.9446070836996
"158","Blk2_3106D",131.266155231824,-0.00276986662108952,30.0434213176467
"159","Blk2_3201",162.921441912208,-0.00173655330907134,31.1673659279874
"160","Blk2_3201D",161.256728223556,-0.00122896217390191,31.2137979921845
"161","Blk2_3202",157.790685803808,-0.000818704310856502,31.3066128136437
"162","Blk2_3202D",156.73410332425,-0.00112570799276403,31.3133256279743
"163","Blk2_3203",151.918193318667,-0.00125768102631828,31.2915662272268
"164","Blk2_3203D",150.67257053655,-0.00124446730396614,31.2986640661097
"165","Blk2_3204",145.509523318044,-0.00297973884233082,31.2891007388436
"166","Blk2_3204D",141.886298079593,-0.00200614500146641,31.3389858901822
"167","Blk2_3206",128.610453481629,-0.00294673904938071,31.43039797026
"168","Blk2_3206D",125.385702176782,-0.00267688527320106,31.42123971799
"169","Blk2_3301",147.435577808138,-0.00160066807034927,32.4155425505912
"170","Blk2_3301D",145.15637218516,-0.00132032843798885,32.4907233681235
"171","Blk2_3302",141.73151488495,-0.00236675163204085,32.4981468229856
"172","Blk2_3302D",138.180690091035,-0.00161711741381935,32.4762980897345
"173","Blk2_3303",134.50690529676,-0.00200738006261057,32.4241414108754
"174","Blk2_3303D",132.538900149705,-0.001506530268051,32.4340267822065
"175","Blk2_3304",127.269946238537,-0.00154302726184598,32.3703909683009
"176","Blk2_3304D",125.382773056782,-0.00138969549625035,32.3900616182643
"177","Blk2_3305",120.594897871008,-0.00263361903869534,32.4215659086829
"178","Blk2_3305D",117.655541985658,-0.00171347175243537,32.4149773398778
"179","Blk2_3306",113.809991903765,-0.00150039030814767,32.5538567938237
"180","Blk2_3306D",112.050720398395,-0.00117781629338127,32.4431630870477
"181","Blk2_3401",166.628723052423,-0.000932025943253591,33.0784019500836
"182","Blk2_3401D",165.840730378227,-0.000839241379268424,33.1088540461981
"183","Blk2_3402",144.470925797065,-0.0020932866308302,33.0304777116226
"184","Blk2_3402D",141.992929146601,-0.00102263828335214,33.1195921396336
"185","Blk2_3403",145.541807629492,-0.0024799451932798,33.2155254204311
"186","Blk2_3403D",142.699060504805,-0.00189592251314238,33.2173404806742
"187","Blk2_3404",135.647779597004,-0.00290373094962241,33.1737990195708
"188","Blk2_3404D",132.762619885356,-0.00176477880907699,33.1797152404391
"189","Blk2_3405",126.262942263702,-0.00244585143771205,33.1052719341874
"190","Blk2_3405D",123.850812500787,-0.00171063656380775,33.1563754273187
"191","Blk2_3406",111.181629007439,-0.00189680367461424,33.0519931687326
"192","Blk2_3406D",109.11431612409,-0.00164214184412197,33.1091666035793
"193","K201a_2706",165.319072740685,0.0063959565875612,26.4465327179892
"194","K201a_2706D",169.329107722823,-0.00639652341715021,26.3877169337702
"195","K201a_2801",209.601491304362,0.00812274260088222,27.1207761118684
"196","K201a_2801D",213.115478115253,-0.00676187106951477,27.0632922863888
"197","K201a_2903",214.008362794224,0.0105654999873341,28.4809315959928
"198","K201a_2903D",223.118294919896,-0.00639811735381297,28.3314465758289
"199","K201a_3004",137.419755598698,0.00161609683695572,29.3024329859685
"200","K201a_3004D",147.476959497484,-0.0107536358422213,29.2207252416584
"201","K201a_3106",138.35645657187,0.00307122212089069,30.0255191239729
"202","K201a_3106D",139.14467319567,-0.00931528365932799,30.0750906828873
"203","K201a_3202",169.481710135068,0.0103251545315206,31.4475717458211
"204","K201a_3202D",174.320232693522,-0.00899563138255285,31.4363161749944
"205","K201a_3303",144.436896178172,0.00510760899715006,32.5641591184272
"206","K201a_3303D",143.994971656735,-0.00906518014670648,32.5001135409146
"207","K201a_3405",133.792886455575,-0.00268476181982761,32.9270172306584
"208","K201a_3405D",128.577292419885,-0.00841713470209118,33.0225342183852
"209","K201b_2703",169.519448516765,0.00550379181171941,26.4184765736336
"210","K201b_2703D",172.206315566144,-0.00600317868425173,26.3752172837655
"211","K201b_2805",180.245753513223,0.00435833663578993,27.3756992447535
"212","K201b_2805D",179.758170251925,-0.00692801034623672,27.3034906538746
"213","K201b_2906",152.029360175157,0.00338640091886492,28.1780680372421
"214","K201b_2906D",151.981256563452,-0.00667774015512427,28.1980837218046
"215","K201b_3002",170.182377770784,0.00437878488586597,29.3877759057013
"216","K201b_3002D",169.661055626667,-0.00916118212060137,29.3666864005021
"217","K201b_3104",152.295363805537,0.00674416269057152,30.1805817600751
"218","K201b_3104D",154.055203816483,-0.00850972969820192,30.1664829308332
"219","K201b_3205",136.165159164887,0.00314796625313039,31.1978655033091
"220","K201b_3205D",135.843372764478,-0.00884653933430232,31.2732688494144
"221","K201b_3301",180.192824473868,0.0066760079357136,32.5590044983122
"222","K201b_3301D",180.116835452983,-0.00788088624033775,32.6050437636282
"223","K201b_3402",163.004807497717,0.000917174838285415,33.2056713957706
"224","K201b_3402D",161.959378492858,-0.0070313804209815,33.247290973253
"225","K201c_2701",185.148053027315,0.0129707304702858,26.4353498874218
"226","K201c_2701D",194.572771029333,-0.00973590930729517,26.3867357421998
"227","K201c_2803",187.799096589614,0.0137365967433242,27.3079529907434
"228","K201c_2803D",195.846718963651,-0.0103178436819953,27.2911652270594
"229","K201c_2904",210.517047927214,0.0168933744168452,28.6130899039241
"230","K201c_2904D",222.732632816116,-0.0108136241828608,28.4109226432459
"231","K201c_3006",169.594436241688,0.00111024215136799,29.5239002094609
"232","K201c_3006D",166.141588577983,-0.0118803349907756,29.4070309658375
"233","K201c_3102",181.239525953256,0.0168172711060252,30.5502291437144
"234","K201c_3102D",190.355813484505,-0.014512634625663,30.5739606553073
"235","K201c_3203",169.834336764498,0.0158995102405736,31.4359618014886
"236","K201c_3203D",177.380538213295,-0.0133552030696658,31.4346902117423
"237","K201c_3305",126.892273425083,0.00577867394234904,32.3640752642529
"238","K201c_3305D",124.532748031187,-0.0126661957665743,32.3948146241249
"239","K201c_3406",120.163686879001,-0.00356957033265044,33.2143802176663
"240","K201c_3406D",113.17632900559,-0.011136360451518,33.199429112398
"241","K201d_2704",152.958879062089,0.0057671909795504,26.4587889364859
"242","K201d_2704D",155.317353784451,-0.00629109152619199,26.393124390498
"243","K201d_2805",184.903309560931,0.00603400371320265,27.2579729790207
"244","K201d_2805D",184.948783453139,-0.00832522597346954,27.2313670402145
"245","K201d_2901",217.39770597676,0.0116127674192399,28.3772023399703
"246","K201d_2901D",224.091459605058,-0.00745789757528255,28.2475174817225
"247","K201d_3002",176.269771242553,0.00676014086551511,29.5704744872919
"248","K201d_3002D",178.340291715881,-0.00787799418494661,29.510829220909
"249","K201d_3104",151.102731554565,0.00880180148211136,29.9691488869954
"250","K201d_3104D",153.750167004688,-0.0100232774589834,30.0016657592392
"251","K201d_3206",129.930421194082,0.00181807504837712,31.3169682958629
"252","K201d_3206D",128.615554069992,-0.00982144203075795,31.3566382941036
"253","K201d_3301",178.339944056393,0.00860151888483391,32.5308614525301
"254","K201d_3301D",178.692872912432,-0.00954497911677825,32.5793994028872
"255","K201d_3403",144.270359542407,0.000846213540616972,33.2769903336475
"256","K201d_3403D",141.213651531122,-0.00812399826193407,33.2788344451396
"257","K202a_2706",163.167369594653,0.00737531852307428,26.461193757682
"258","K202a_2706D",167.812418620018,-0.00809624117719835,26.4092710342422
"259","K202a_2801",205.534759656739,0.0101265038784298,27.1470940452391
"260","K202a_2801D",209.508513982843,-0.00879312070560892,27.1028350575794
"261","K202a_2903",213.138496769484,0.0125247319579938,28.3446677511286
"262","K202a_2903D",224.064000713867,-0.00824795646797175,28.262123727889
"263","K202a_3004",130.720852691552,0.00175584006687815,29.4241593221888
"264","K202a_3004D",141.832703729697,-0.0119627678063778,29.3392189660994
"265","K202a_3106",139.583992522375,0.00579092491241548,29.9915962350639
"266","K202a_3106D",142.410363417922,-0.0129162934529149,30.0571023368051
"267","K202a_3202",168.36620485615,0.0141474217636286,31.4375607394223
"268","K202a_3202D",175.415507995575,-0.010417423587431,31.4421887501648
"269","K202a_3303",147.315943106936,0.0082717145827608,32.3235697477799
"270","K202a_3303D",148.049915711919,-0.0119022448381632,32.3333257590354
"271","K202a_3405",126.451293762297,-0.000788276812698271,32.9842725312097
"272","K202a_3405D",122.467972783454,-0.00908634176425354,33.0518404179587
"273","K202b_2704",170.989083687883,0.00771818959315627,26.4549239910486
"274","K202b_2704D",174.867713831656,-0.00694688326578988,26.3942411825381
"275","K202b_2806",171.502486791112,0.00597074337775051,27.2788037020173
"276","K202b_2806D",172.311322808572,-0.00828768771397086,27.1934535634949
"277","K202b_2901",220.727416072328,0.0119248621017315,28.4007356355267
"278","K202b_2901D",227.634092989668,-0.00718263681756602,28.2734653424202
"279","K202b_3003",159.418659481279,0.00445430880658137,29.3284816442387
"280","K202b_3003D",159.479947870718,-0.011167783262614,29.3394117141119
"281","K202b_3105",133.496089655529,0.00764371253178314,30.0243118930846
"282","K202b_3105D",136.503369699495,-0.0087650908766825,30.1087050259101
"283","K202b_3206",129.629169095119,-0.00109017616501929,31.2850722714445
"284","K202b_3206D",125.476243215014,-0.0102245633447894,31.3100167784105
"285","K202b_3302",150.683721839634,0.00319490503158859,32.5899873348162
"286","K202b_3302D",144.156848661274,-0.00992885923677511,32.483190246206
"287","K202b_3403",132.599327193792,-0.00341990225343749,33.1773948622652
"288","K202b_3403D",126.637794314129,-0.00751559334182435,33.1751752411207
"289","K202c_2703",168.785684420647,0.00380266705217966,26.430314199518
"290","K202c_2703D",170.627437399666,-0.00421526089761627,26.3866903410986
"291","K202c_2804",179.586018555279,0.00355448780539226,27.1097656829685
"292","K202c_2804D",180.416911625588,-0.00453683146718785,27.078178480669
"293","K202c_2906",168.354660366366,0.00196389308420378,28.223616930696
"294","K202c_2906D",167.514181568735,-0.0055681029192249,28.2323182067236
"295","K202c_3001",191.168981966181,0.0027437053182027,29.0606520127356
"296","K202c_3001D",191.818765061749,-0.00620790260807608,29.0870154171416
"297","K202c_3103",160.916990086919,0.00448178934693863,30.6314483380434
"298","K202c_3103D",161.778350719375,-0.00687166725909018,30.4221791985611
"299","K202c_3205",126.940958040069,0.00151061111023663,31.293244621896
"300","K202c_3205D",126.044597319253,-0.00641458464861505,31.3506593277413
"301","K202c_3306",116.704987897188,0.000835037960145549,32.6118238058855
"302","K202c_3306D",115.365810710209,-0.00511839245182696,32.4975356747799
"303","K202c_3402",159.111343483861,-0.00107700548515408,33.1977774451845
"304","K202c_3402D",156.657526079511,-0.00454043660505465,33.2095080591304
"305","K202d_2705",164.203823137701,0.0143643385042692,26.3402042856596
"306","K202d_2705D",171.294179076273,-0.0109948955808417,26.2962304671643
"307","K202d_2806",165.761189937369,0.0113641798955183,27.3998401005501
"308","K202d_2806D",168.624711867235,-0.0128409530439392,27.3077752124813
"309","K202d_2902",236.636280898854,0.0174222513374846,28.5864101907629
"310","K202d_2902D",243.895439005006,-0.0120090026085171,28.5501396715566
"311","K202d_3003",163.642208241265,0.00985208318699415,29.275834969469
"312","K202d_3003D",166.204316615277,-0.0171157852974185,29.2994002803153
"313","K202d_3105",143.524241293326,0.013438795940948,29.8475510443882
"314","K202d_3105D",148.429536764612,-0.0156719582017347,30.007534856465
"315","K202d_3201",184.997134591883,0.018603835587508,31.4609624702496
"316","K202d_3201D",193.705245320807,-0.015973166273876,31.4500809633122
"317","K202d_3302",152.987296358223,0.00701151688045379,32.544338030735
"318","K202d_3302D",144.340692443192,-0.0153423329573399,32.4353684498518
"319","K202d_3404",142.130400413875,-0.00582836065781474,33.1098707728305
"320","K202d_3404D",132.468478854678,-0.014003822447066,33.1249675296596
"321","K203a_2702",157.655089478479,0.00651301587186133,26.4367641579402
"322","K203a_2702D",161.102463193093,-0.00596260104863476,26.4007386948596
"323","K203a_2803",177.941006129997,0.00643120402191702,27.1939769047726
"324","K203a_2803D",181.088433942583,-0.00696423929184477,27.1785109113861
"325","K203a_2905",184.466748829419,0.00744089875557034,28.3166720309682
"326","K203a_2905D",186.921072127639,-0.00807147982076489,28.2982002209693
"327","K203a_3006",152.772558995856,-0.00109713808572573,29.3736393295892
"328","K203a_3006D",148.463131379729,-0.00910566877773222,29.3021256812379
"329","K203a_3102",171.237440815237,0.00996886264079536,30.4262986842723
"330","K203a_3102D",175.779887676135,-0.0104272188847651,30.5174302450644
"331","K203a_3204",143.935216259839,0.0049654651593845,31.389791091434
"332","K203a_3204D",142.902717307717,-0.00986749035853594,31.4424936926557
"333","K203a_3305",121.083113790686,0.000783197363258956,32.4266128609342
"334","K203a_3305D",117.445086915695,-0.0084009910702832,32.4621031199583
"335","K203a_3401",165.423662913794,-0.0019754347762384,33.1084862034188
"336","K203a_3401D",161.55894457108,-0.00746822560035109,33.1338410649032
"337","K203b_2701",171.806870675934,0.0066660007994346,26.2704818535521
"338","K203b_2701D",176.035488259149,-0.00581442857152371,26.3013809844891
"339","K203b_2802",203.906302835161,0.00733747915481567,26.923023224819
"340","K203b_2802D",207.301272632298,-0.00694121548450255,27.0271511081974
"341","K203b_2904",196.77232195204,0.00729872663187475,28.62893614213
"342","K203b_2904D",201.327089401119,-0.00614841129807882,28.4252905856308
"343","K203b_3005",125.136761183357,-0.00169098012382897,29.2476776312544
"344","K203b_3005D",120.406106523656,-0.00963818625719898,29.2775158850759
"345","K203b_3101",197.747239932731,0.00954442743367095,30.5093145963465
"346","K203b_3101D",201.951159848423,-0.00870987376153978,30.4907631867553
"347","K203b_3203",161.838732786454,0.00817257691557217,31.310016385235
"348","K203b_3203D",164.973456500123,-0.00861658014373179,31.32148815268
"349","K203b_3304",130.393248282135,0.00215560864981019,32.3656146213943
"350","K203b_3304D",127.478314182777,-0.00756864039419331,32.406735913337
"351","K203b_3406",120.116916905248,-0.00370006255297656,33.042007669365
"352","K203b_3406D",114.834484252506,-0.0067185590205528,33.0854013299374
"353","K203c_2703",167.19696101478,0.00697782164046802,26.2791612362591
"354","K203c_2703D",170.600621974277,-0.00596490414885345,26.2991301762938
"355","K203c_2805",182.316451112646,0.00595648656547853,27.2847170603684
"356","K203c_2805D",182.741003314295,-0.00739491297674369,27.2315520271555
"357","K203c_2906",160.355528577179,0.00408786962065849,28.2374586862829
"358","K203c_2906D",159.99488571569,-0.00744759290916748,28.2724212658179
"359","K203c_3002",172.10360806129,0.00604990378864521,29.4610892349417
"360","K203c_3002D",172.671236708277,-0.00944101639325802,29.4387837084359
"361","K203c_3104",154.597650468099,0.00832552236678785,30.0650390784663
"362","K203c_3104D",157.052969950897,-0.00950631717274273,30.083893569748
"363","K203c_3205",138.443868512598,0.00208692153479667,31.2135639946031
"364","K203c_3205D",136.685213086585,-0.00996283334661168,31.2909715015173
"365","K203c_3301",177.263868173039,0.00628402076507255,32.4991253622893
"366","K203c_3301D",176.924953967001,-0.00799544077197751,32.5464860679284
"367","K203c_3402",157.712170464908,-0.00186844477319242,33.1151515222404
"368","K203c_3402D",153.886234922159,-0.00637953284679633,33.2010890683704
"369","K203d_2704",158.954154716038,0.00321284353364015,26.4942901557542
"370","K203d_2704D",160.222660927676,-0.00330847015369848,26.4355021072155
"371","K203d_2805",175.716074889607,0.00229563265609061,27.2895049835259
"372","K203d_2805D",174.837284755759,-0.00468891417844685,27.268513388574
"373","K203d_2901",214.724826650023,0.00631642839107795,28.3919486134022
"374","K203d_2901D",218.626399714863,-0.00353400672703682,28.2372501472335
"375","K203d_3002",170.611289823849,0.0011090890914674,29.4161926728731
"376","K203d_3002D",168.647397058766,-0.0065180085422662,29.3901909160749
"377","K203d_3104",154.134280632685,0.00296988432316174,30.1882262280699
"378","K203d_3104D",153.89732568808,-0.00601993999347308,30.1572280148757
"379","K203d_3206",124.779250005251,-0.00184828499730719,31.2957723843593
"380","K203d_3206D",121.314346243581,-0.00613253989814833,31.3722421845398
"381","K203d_3301",167.637122656156,0.00226167304502173,32.3792426142394
"382","K203d_3301D",165.358756665377,-0.00570809263538241,32.4851980973837
"383","K203d_3403",147.82404138866,-0.0030637250460761,33.1130971014884
"384","K203d_3403D",143.33205824134,-0.00511053096294763,33.1236740840943
"385","K20Ca_2704",171.671073982669,0.0100518670800678,26.3648198845486
"386","K20Ca_2704D",176.657464207547,-0.0100179490725747,26.3251612467956
"387","K20Ca_2806",156.650348373664,0.00792828865072448,27.3094562835855
"388","K20Ca_2806D",158.001204332269,-0.00995275386780568,27.2105407629287
"389","K20Ca_2901",216.067893367302,0.0159719068111793,28.4012552120083
"390","K20Ca_2901D",224.953479399732,-0.0115425618893542,28.2841603179914
"391","K20Ca_3003",154.254337722396,0.00799923880479024,29.2429627558284
"392","K20Ca_3003D",156.176802952623,-0.0140727758715352,29.268247403179
"393","K20Ca_3105",146.995582784408,0.0127124529407847,30.0001401075809
"394","K20Ca_3105D",151.93454802666,-0.0142392318430735,30.0864988267387
"395","K20Ca_3206",130.854435131901,0.00340056288004224,31.2727561161041
"396","K20Ca_3206D",129.677766321715,-0.0133611639324577,31.3154428278761
"397","K20Ca_3302",152.80622883025,0.00849040679103838,32.5849156933062
"398","K20Ca_3302D",147.554575913326,-0.0128767725865984,32.5045620874548
"399","K20Ca_3403",144.645738225423,-0.00178974610947407,33.1456815744957
"400","K20Ca_3403D",138.10930349177,-0.0111986659724566,33.1371637246265
"401","K20Cb_2703",173.622190155993,0.00531741936076412,26.2117464405124
"402","K20Cb_2703D",176.27588001635,-0.00509122166718897,26.2313822812962
"403","K20Cb_2804",169.729575322393,0.0040296753906861,27.1347108732077
"404","K20Cb_2804D",170.917319632627,-0.0051184477560119,27.1012883715446
"405","K20Cb_2906",163.89048161429,0.00197184255039226,28.2759887262528
"406","K20Cb_2906D",162.853852666662,-0.00612539129777887,28.3041600448633
"407","K20Cb_3001",185.1449488545,0.00478308405994586,29.1734289230378
"408","K20Cb_3001D",187.37204254788,-0.00578281783309025,29.1459753208532
"409","K20Cb_3103",155.56222799859,0.00481695079079343,30.1738111628291
"410","K20Cb_3103D",156.64540694023,-0.00655247548122604,30.1629004767975
"411","K20Cb_3205",137.523363705964,-7.52278171528402e-06,31.2807211625371
"412","K20Cb_3205D",134.917785639244,-0.00786084701363762,31.3529876522742
"413","K20Cb_3306",112.825362554347,-0.00179058749905684,32.5322023047081
"414","K20Cb_3306D",109.165366944156,-0.00546521047284122,32.4602426286357
"415","K20Cb_3402",159.367974387129,-0.00391475896507888,32.9501425759791
"416","K20Cb_3402D",153.777221088702,-0.0056503266883877,33.0773466936257
"417","K20Cc_2702",178.682061170096,0.010044383438555,26.4823924485873
"418","K20Cc_2702D",184.039733280647,-0.00886740876164389,26.4272777813423
"419","K20Cc_2803",196.422407002376,0.0101564544324045,27.1849034719141
"420","K20Cc_2803D",201.744986461474,-0.0101328958277209,27.1735817511969
"421","K20Cc_2905",193.508230288168,0.010467280853396,28.4029926329965
"422","K20Cc_2905D",197.104491217188,-0.0105971381044838,28.3039885670537
"423","K20Cc_3006",168.521867594737,0.00122219552263503,29.4929250827518
"424","K20Cc_3006D",165.492921351868,-0.0107556086450897,29.3880341138631
"425","K20Cc_3102",165.704082846092,0.0139310323458776,30.4588589976229
"426","K20Cc_3102D",172.921175908598,-0.012562341476194,30.5486425394299
"427","K20Cc_3205",141.605429090601,0.00959525692177237,31.3078512607467
"428","K20Cc_3205D",144.7299074489,-0.0125584573574334,31.3437570354431
"429","K20Cc_3305",111.735701064249,0.00560090318609874,32.4643040092438
"430","K20Cc_3305D",110.52186837408,-0.0102876093976593,32.4601484168529
"431","K20Cc_3401",169.31188563201,0.000818567897468432,33.0767782773921
"432","K20Cc_3401D",166.516186397868,-0.0102192314625699,33.0862295812247
"433","K20Cd_2703",167.274053375652,0.00284382999228106,26.3354066065458
"434","K20Cd_2703D",168.543125925289,-0.00327662509576829,26.3066265318413
"435","K20Cd_2805",175.28088369727,0.00210704803571937,27.2953316421022
"436","K20Cd_2805D",174.428333644618,-0.00450309980027084,27.2526176103284
"437","K20Cd_2906",161.704765119343,0.000824486141523939,28.1552686716963
"438","K20Cd_2906D",160.261491601049,-0.0048987774831743,28.1598568686046
"439","K20Cd_3002",172.459273861007,0.00168929123386725,29.3677239083098
"440","K20Cd_3002D",171.290234197511,-0.00585448399811057,29.3425299190237
"441","K20Cd_3104",151.883255588049,0.00251674745221147,30.1224087455506
"442","K20Cd_3104D",151.510892498292,-0.00558704134573804,30.1003735916667
"443","K20Cd_3205",132.800697208862,-0.000806190985865779,31.3267929753253
"444","K20Cd_3205D",130.081642935199,-0.0062773990414112,31.4001221679487
"445","K20Cd_3301",160.222986131064,0.000973262940084869,32.4921122757417
"446","K20Cd_3301D",157.342860950572,-0.00534365682394245,32.5816104816509
"447","K20Cd_3402",158.553437972609,-0.00243859475278903,33.0942851208275
"448","K20Cd_3402D",154.993347101621,-0.00376287915956028,33.1404287140541
"449","M501a_2706",160.832660049811,0.00303944253921991,26.3420711033104
"450","M501a_2706D",162.227636678964,-0.00562435901517699,26.3189840399056
"451","M501a_2802",196.027793140163,0.0048697916720271,27.1461202263217
"452","M501a_2802D",198.056597358671,-0.00655470498704319,27.1839285959416
"453","M501a_2903",200.007734704071,0.00732126747352009,28.3692864430338
"454","M501a_2903D",206.224297799909,-0.00546561554546693,28.2694799758384
"455","M501a_3005",125.615855685689,-0.00313862835776156,29.2674621568737
"456","M501a_3005D",119.737032929273,-0.00969937671003637,29.2796510183586
"457","M501a_3101",188.95422871813,0.00804027372026468,30.4744740278945
"458","M501a_3101D",192.406558698101,-0.0079402427611366,30.4815092383062
"459","M501a_3202",167.164451782645,0.0068509134471956,31.3796443990308
"460","M501a_3202D",169.718553415612,-0.00778847612736073,31.3595908227999
"461","M501a_3304",135.49086029919,0.00300440292580942,32.4160154882713
"462","M501a_3304D",133.554156332942,-0.00743670665090008,32.3774037672475
"463","M501a_3405",127.910418255958,-0.00269085766649906,33.2099369172549
"464","M501a_3405D",123.801012047757,-0.00625961221555671,33.2107629815019
"465","M501b_2702",168.764344461186,0.00499047235119636,26.2757697636815
"466","M501b_2702D",171.194978797725,-0.00520521738297929,26.3177882424195
"467","M501b_2803",193.469554843257,0.00536421324260196,27.1743642955771
"468","M501b_2803D",196.290366779484,-0.0060414649892924,27.1650241492715
"469","M501b_2905",174.557815756642,0.00559533054615054,28.3648241852162
"470","M501b_2905D",176.003568260067,-0.00658613887885062,28.346770135027
"471","M501b_3006",176.167051892473,-0.00162463828990656,29.4715972283206
"472","M501b_3006D",172.134377029893,-0.00758400250441915,29.3423471274118
"473","M501b_3102",171.036837347845,0.0067143439443256,30.4613993184807
"474","M501b_3102D",173.871469113401,-0.00874268346506982,30.5020141393804
"475","M501b_3204",154.827295531264,0.0041430767154944,31.260308821169
"476","M501b_3204D",153.813118888474,-0.00927158749652497,31.3160762109757
"477","M501b_3305",125.968831816661,0.00223288039284587,32.46640824442
"478","M501b_3305D",124.085091826471,-0.00712900528946372,32.4841966004466
"479","M501b_3401",175.878810581829,-6.77927490612559e-05,33.0003241135661
"480","M501b_3401D",173.913241467701,-0.0061915279285699,33.0297937564329
"481","M501c_2702",178.615087259242,0.0104014691374357,26.513938482891
"482","M501c_2702D",184.310586604378,-0.00954136221490074,26.4596620255916
"483","M501c_2804",192.805808519048,0.0102748781843198,27.1560701812316
"484","M501c_2804D",196.129370982106,-0.0123398362152114,27.1119710049568
"485","M501c_2905",192.229312876869,0.0115978222598656,28.3341649759363
"486","M501c_2905D",195.107267490851,-0.0132086509817036,28.266736782971
"487","M501c_3001",186.241675502684,0.0110337373744137,29.1195179773166
"488","M501c_3001D",191.032356004443,-0.0135472348403032,29.1444895991316
"489","M501c_3103",152.631849435814,0.0123916878957215,30.5097906623207
"490","M501c_3103D",157.183584557713,-0.0124976293177027,30.3606231637222
"491","M501c_3204",140.215989070386,0.0094731271957752,31.2835696710802
"492","M501c_3204D",142.590026956815,-0.012530230647459,31.343827910788
"493","M501c_3306",112.614794560003,0.000686571389008926,32.3977883104941
"494","M501c_3306D",109.10001695385,-0.0109026243228479,32.3447382486806
"495","M501c_3401",166.55296027162,0.00148423019975097,33.0247432979673
"496","M501c_3401D",164.129382704775,-0.010479975244911,33.0485026296763
"497","M501d_2703",162.408792255216,0.00642650553636185,26.4509274558611
"498","M501d_2703D",165.718424419513,-0.00594588563774964,26.4256002469083
"499","M501d_2804",188.806598774951,0.00662367797153229,27.0796097138555
"500","M501d_2804D",191.047386998181,-0.0077772993965175,27.0523799152591
"501","M501d_2906",166.462930037576,0.00349630192819186,28.0993004124822
"502","M501d_2906D",165.897117125555,-0.00822127596208929,28.1342266310982
"503","M501d_3001",186.776457088618,0.00629038477647566,29.1372860906815
"504","M501d_3001D",188.599447688597,-0.0103470563068951,29.1557287940093
"505","M501d_3103",161.724057686605,0.00839362778234269,30.5366827179374
"506","M501d_3103D",164.341252813719,-0.0101856741712482,30.4019680222202
"507","M501d_3205",143.81558353203,0.00141957975700881,31.1771531982179
"508","M501d_3205D",141.400961465769,-0.0108426260416052,31.2619323796477
"509","M501d_3306",110.273865902097,-0.000297848008703679,32.6108796385087
"510","M501d_3306D",107.233772680343,-0.00709904628121464,32.5160033170276
"511","M501d_3402",166.907159415661,-0.00158655437146827,32.9450982935504
"512","M501d_3402D",162.68183077264,-0.00791571579835124,33.0722432766052
"513","M502a_2704",164.036576304895,0.00337418675172338,26.3412842363674
"514","M502a_2704D",164.752844543113,-0.00513035138932494,26.3214363781492
"515","M502a_2805",177.763592443382,0.0025680743384315,27.3373785165421
"516","M502a_2805D",176.275312210704,-0.00633426146824113,27.3120348823227
"517","M502a_2901",202.562029955876,0.00664779985153086,28.2915970947065
"518","M502a_2901D",205.712066996388,-0.00596416743050793,28.1778485230677
"519","M502a_3002",175.734156187407,0.0011557484445805,29.3766961712235
"520","M502a_3002D",172.879395599176,-0.00876224169878365,29.3522550229738
"521","M502a_3104",158.658157677334,0.00370068130534408,29.8929547061235
"522","M502a_3104D",157.703848407104,-0.00884436852269753,29.9682578150787
"523","M502a_3206",127.09024512133,-0.00253907880828389,31.370272087971
"524","M502a_3206D",122.797278572029,-0.00752557658754301,31.4094820551127
"525","M502a_3301",168.823728411866,0.00240885197593004,32.4228128998567
"526","M502a_3301D",166.439058772746,-0.0062184116749826,32.4861534553864
"527","M502a_3403",145.351787553669,-0.00364993170040663,33.2419560213053
"528","M502a_3403D",140.105820874963,-0.00582264501780709,33.2263035538469
"529","M502b_2702",172.264519695376,0.00636913826400626,26.3668093585767
"530","M502b_2702D",175.617972076847,-0.00558943926941569,26.3460291166508
"531","M502b_2803",193.670064091168,0.00595843181751824,27.1075548341358
"532","M502b_2803D",196.435697964911,-0.00705036661077879,27.1062617686737
"533","M502b_2905",175.734565075955,0.00569673023138978,28.3335910079824
"534","M502b_2905D",176.724859211887,-0.00742833277120476,28.2502142819387
"535","M502b_3006",162.631753763924,-0.00186979146084251,29.5341035368085
"536","M502b_3006D",158.342165807242,-0.007691792678326,29.4253861558358
"537","M502b_3102",175.84415513496,0.00607708775478769,30.2255643075231
"538","M502b_3102D",177.750582909569,-0.0100002993981753,30.3619440140888
"539","M502b_3204",149.779217964337,0.00371253737933136,31.2345184618205
"540","M502b_3204D",149.012273333338,-0.00824733710222869,31.3379627460547
"541","M502b_3305",126.217261294438,0.000561809887818602,32.3873032267509
"542","M502b_3305D",122.745383184326,-0.00752689243658679,32.389714739214
"543","M502b_3401",168.090617891346,-0.00120623248315072,33.0342872752242
"544","M502b_3401D",165.305416985907,-0.00584504444960866,33.0756019774966
"545","M502c_2701",176.425790591061,0.00414234416319044,26.4539087578804
"546","M502c_2701D",178.978621794556,-0.00539188812749198,26.4301941673074
"547","M502c_2802",194.37938785882,0.00469905830095789,26.9563132375476
"548","M502c_2802D",196.356076077511,-0.00552976701338458,27.0585674202724
"549","M502c_2904",202.712294077804,0.0061310970216956,28.5868832768594
"550","M502c_2904D",206.79946252872,-0.00529538392073276,28.417574975549
"551","M502c_3005",123.021493286356,-0.00364946231245201,29.2361767185333
"552","M502c_3005D",116.743690158775,-0.00965446652417583,29.2408200678468
"553","M502c_3101",184.829051987386,0.00646158428691191,30.3668740424295
"554","M502c_3101D",187.434245448031,-0.00727218613122235,30.3872536717567
"555","M502c_3203",155.194350371244,0.005267184669682,31.2655087054767
"556","M502c_3203D",156.761398910798,-0.00728068759782334,31.2978727340067
"557","M502c_3304",118.980992377023,0.001363173950375,32.4080494040169
"558","M502c_3304D",116.760617951831,-0.005815891899582,32.394935840651
"559","M502c_3406",116.968728926176,-0.00337526721574956,33.1537392257282
"560","M502c_3406D",112.494961511778,-0.00549614898647908,33.2118350793945
"561","M502d_2702",177.010100218796,0.00642603554780283,26.214463918169
"562","M502d_2702D",180.11910882564,-0.00668657981308949,26.252585820354
"563","M502d_2804",188.417466283536,0.00598150976964549,27.1715809202896
"564","M502d_2804D",190.429325899847,-0.00755966002268417,27.1264658475401
"565","M502d_2905",159.336088357777,0.00543231801078616,28.4141988380704
"566","M502d_2905D",159.995620421505,-0.00738649632325737,28.3175261798175
"567","M502d_3001",192.917557530199,0.0055902468983706,29.0432000219092
"568","M502d_3001D",194.121581293627,-0.0107406446508212,29.0680300970031
"569","M502d_3103",161.563067304312,0.00752585812613034,30.2206982336645
"570","M502d_3103D",162.734830013847,-0.0107083160577382,30.2103255936477
"571","M502d_3204",147.255657524384,0.0049898627573624,31.1820281140697
"572","M502d_3204D",146.828208563313,-0.00945998256179379,31.2779380973097
"573","M502d_3306",113.252895184824,-0.00152736922781723,32.572684046275
"574","M502d_3306D",109.282529587274,-0.00750872918510653,32.4668706426429
"575","M502d_3401",152.46651151085,-0.000847479919628961,33.0755921652439
"576","M502d_3401D",150.057006534379,-0.0057612322514892,33.0905258431214
"577","M503a_2701",169.548316709703,0.00483200873934338,26.3408255676694
"578","M503a_2701D",172.646074808628,-0.00531244326379243,26.3551517491082
"579","M503a_2803",186.203390505948,0.0043461877796359,27.1407145753612
"580","M503a_2803D",187.753864495077,-0.00653893022798187,27.1413248405781
"581","M503a_2904",200.279531904086,0.0058403600264003,28.6271168044467
"582","M503a_2904D",203.923535045505,-0.00562657132567842,28.4390828856977
"583","M503a_3006",165.951533878094,-0.00177793717163368,29.3734476819663
"584","M503a_3006D",161.170316481489,-0.00528839427204273,29.2815081649065
"585","M503a_3102",165.828398553658,0.00502696629847052,30.2661699703874
"586","M503a_3102D",167.070714475197,-0.00892405414855989,30.3750206136314
"587","M503a_3203",157.95266686956,0.00524215950567323,31.3976932715979
"588","M503a_3203D",159.699106381122,-0.0071362604442023,31.3842343249402
"589","M503a_3305",121.903942416308,0.000959070241860745,32.3572303087487
"590","M503a_3305D",119.545547410164,-0.00643235584409339,32.4173841488585
"591","M503a_3406",120.101797823371,-0.00348335892978265,33.1052751484431
"592","M503a_3406D",115.574060413132,-0.00531027371785618,33.1829513835817
"593","M503b_2703",163.568318481338,0.00452409360948122,26.3336367586385
"594","M503b_2703D",165.237945113024,-0.00641751116715468,26.3047221429217
"595","M503b_2804",184.705380434511,0.00432334421771103,27.1393223048155
"596","M503b_2804D",185.557598170144,-0.00744687816598379,27.1039988487655
"597","M503b_2906",164.971411939009,0.00124078514867784,28.21418747723
"598","M503b_2906D",162.723706334222,-0.0080926738742957,28.22087383606
"599","M503b_3001",181.488069549365,0.00514026179929082,29.1091524105606
"600","M503b_3001D",183.288615319297,-0.00837093669513731,29.0744828016339
"601","M503b_3103",161.163641729627,0.00482564328465925,30.5121808421294
"602","M503b_3103D",161.372065937546,-0.00976188092607398,30.3420691215655
"603","M503b_3205",137.455331607994,0.00127170586775188,31.4270557670605
"604","M503b_3205D",136.156156809176,-0.00800024101803283,31.4120252824202
"605","M503b_3306",113.672995418009,-0.00113371634147639,32.5377040147216
"606","M503b_3306D",110.130867771209,-0.00671334215821008,32.4242573014621
"607","M503b_3402",155.823339280119,-0.00294931331916825,32.9521349026474
"608","M503b_3402D",150.957319817742,-0.00608016860682678,33.0660797763909
"609","M503c_2705",149.744106562475,0.00231168727785883,26.4434753093433
"610","M503c_2705D",150.304268593086,-0.00352411633600893,26.3646697120086
"611","M503c_2806",166.18793450083,0.00132656683525399,27.2512711779591
"612","M503c_2806D",164.746332426946,-0.00504250554382392,27.1852502927488
"613","M503c_2902",209.38383969842,0.00488096289775326,28.4658254830574
"614","M503c_2902D",211.652765086528,-0.00377513420208734,28.4532898077712
"615","M503c_3003",150.270636577925,-0.000471553362526478,29.336205677664
"616","M503c_3003D",147.748032376849,-0.00701848309554337,29.3720332390693
"617","M503c_3105",149.81451119621,0.00070366641684985,29.8772555287039
"618","M503c_3105D",148.214257123621,-0.00633519209271384,30.0197377789339
"619","M503c_3201",172.407434259878,0.00394121568976266,31.2894356660229
"620","M503c_3201D",173.90042135548,-0.00441505997803295,31.29890924301
"621","M503c_3302",148.54146345024,0.00106803455123357,32.4869102433888
"622","M503c_3302D",144.817696857789,-0.00477085840970334,32.4371418631864
"623","M503c_3404",134.095984762382,-0.00291558989665263,33.1448568330388
"624","M503c_3404D",130.172656369572,-0.00455643536418441,33.132037591191
"625","M503d_2705",165.384067346943,0.00674848435707498,26.4955093973151
"626","M503d_2705D",168.06690521656,-0.00768930583030365,26.4170695533294
"627","M503d_2801",207.160647719147,0.00719747258607501,27.1885963349658
"628","M503d_2801D",208.859358338021,-0.00931732920726849,27.1427366369844
"629","M503d_2902",222.569612231858,0.0116711088585567,28.5403716778791
"630","M503d_2902D",228.267539530585,-0.00829030052772351,28.499632286587
"631","M503d_3004",122.039680001297,-0.00145880761227382,29.4259464296761
"632","M503d_3004D",133.56061214674,-0.0124107910638884,29.3358925333964
"633","M503d_3106",125.452605510889,0.000521148487530943,30.0697658490724
"634","M503d_3106D",122.438249506534,-0.0119563752258084,30.0685163336557
"635","M503d_3201",169.902232408067,0.0100130178519981,31.403039430598
"636","M503d_3201D",174.480315170987,-0.00951141299358626,31.4118951589583
"637","M503d_3303",140.637017922199,0.00597099449736641,32.5348808088924
"638","M503d_3303D",141.150728603837,-0.00934976875289513,32.4897929313139
"639","M503d_3404",131.807174861246,-0.0036186905588727,33.2588157096962
"640","M503d_3404D",126.421696786981,-0.00781284969158286,33.2623610511701
"641","M50Ca_2705",169.070332801175,0.00783483160071288,26.5178557346
"642","M50Ca_2705D",172.481499582939,-0.00913527256770697,26.4177525485352
"643","M50Ca_2806",164.131094926105,0.00472932180938054,27.2460319666556
"644","M50Ca_2806D",162.461180657723,-0.0114288076836987,27.1631434633333
"645","M50Ca_2902",229.602634764319,0.0133714760943756,28.4582045909088
"646","M50Ca_2902D",236.367243530155,-0.00915571703332344,28.4325229050446
"647","M50Ca_3003",163.051174143437,0.00459147303527513,29.2315175561101
"648","M50Ca_3003D",162.490199903785,-0.0149686697902675,29.2718472134396
"649","M50Ca_3105",143.273811394065,0.00672888757503879,30.0699238960909
"650","M50Ca_3105D",144.543177829559,-0.0125984888479744,30.1758415772562
"651","M50Ca_3201",161.459659862265,0.0103896167661678,31.3464309633375
"652","M50Ca_3201D",166.724737389243,-0.00976965998205807,31.3523077189721
"653","M50Ca_3302",149.083587751585,0.00592914814556859,32.4301566643817
"654","M50Ca_3302D",145.508957658275,-0.00936383978393166,32.3797328507714
"655","M50Ca_3404",134.097353548101,-0.00464660566049311,33.1813566216661
"656","M50Ca_3404D",127.970553679226,-0.00791302079804882,33.177066050074
"657","M50Cb_2702",171.904495799858,0.00656183609695431,26.4161258784011
"658","M50Cb_2702D",175.245738263479,-0.00783608118362382,26.3848314027299
"659","M50Cb_2804",179.685322779848,0.00712724062032028,27.2479715830898
"660","M50Cb_2804D",182.276637298213,-0.00904586860100859,27.2131199568459
"661","M50Cb_2905",175.301258977408,0.00698705860494816,28.3873138213094
"662","M50Cb_2905D",176.603189701073,-0.0103707687004017,28.3153981885984
"663","M50Cb_3001",193.21212513427,0.00732064369075538,29.0196024630025
"664","M50Cb_3001D",195.315266541997,-0.0123140679155387,29.0344706801685
"665","M50Cb_3103",166.201077672591,0.0087319305536736,30.680939161971
"666","M50Cb_3103D",168.635642422824,-0.011645966484348,30.4768394820992
"667","M50Cb_3204",152.914728706425,0.00666378451076811,31.1950662409579
"668","M50Cb_3204D",153.86990007738,-0.0107859130068154,31.28249175293
"669","M50Cb_3306",118.83314168865,-0.00221253513982356,32.2859685533764
"670","M50Cb_3306D",113.627836757519,-0.00853540249743726,32.2907615096664
"671","M50Cb_3401",161.708959203182,-0.000634310613371818,33.1671683397942
"672","M50Cb_3401D",158.985952602273,-0.0070210238957354,33.1826769089327
"673","M50Cc_2701",160.131781351929,0.00519947831070679,26.4148744859
"674","M50Cc_2701D",163.909501117291,-0.00518499281270863,26.4009792721002
"675","M50Cc_2802",196.006536102687,0.0064748823983532,27.1385678706891
"676","M50Cc_2802D",199.089024993866,-0.00688066043951522,27.1522399762393
"677","M50Cc_2904",198.734248801317,0.00719425143879973,28.7347336622002
"678","M50Cc_2904D",203.45090802088,-0.00719917468912017,28.4917189399874
"679","M50Cc_3005",123.110930708233,-0.00306658533507327,29.3136018372149
"680","M50Cc_3005D",117.06263889375,-0.0104862871441041,29.3226863291437
"681","M50Cc_3101",192.827135520603,0.00900160926776883,30.3647496702018
"682","M50Cc_3101D",196.826528739931,-0.00895814286879499,30.3789721025306
"683","M50Cc_3203",153.197880877092,0.00684535361061199,31.2416525858008
"684","M50Cc_3203D",155.893735335573,-0.00808216420751025,31.2800920103166
"685","M50Cc_3304",131.084446593907,0.00257578625419705,32.4667447723287
"686","M50Cc_3304D",128.973407033367,-0.00729328717203819,32.4340267278328
"687","M50Cc_3406",119.634530853812,-0.0040171116654588,33.1019782712276
"688","M50Cc_3406D",114.352748683298,-0.00603821872428821,33.1648888061405
"689","M50Cd_2701",174.68045029634,0.00758397946389225,26.5046259222488
"690","M50Cd_2701D",179.369666652291,-0.0103119486156508,26.4868252113361
"691","M50Cd_2803",188.358630311485,0.00906026365022367,27.0677263079742
"692","M50Cd_2803D",193.258555158186,-0.00968591924938732,27.1432168260692
"693","M50Cd_2904",211.704424855315,0.0113389124565859,28.6492643912035
"694","M50Cd_2904D",217.14210916149,-0.00976816624225223,28.4803038513695
"695","M50Cd_3006",160.369713682795,-0.00222121860727752,29.4528090001804
"696","M50Cd_3006D",154.778212287885,-0.0108908286350165,29.3594028876714
"697","M50Cd_3102",158.523993664951,0.00963279544078194,30.3813722654428
"698","M50Cd_3102D",162.744766590131,-0.0108224909547422,30.4694694982502
"699","M50Cd_3203",159.080901032658,0.0101393415435114,31.3222323454124
"700","M50Cd_3203D",163.799908582806,-0.0107399016256462,31.3512583863941
"701","M50Cd_3305",124.65036704141,0.00268086770937357,32.4530714520948
"702","M50Cd_3305D",121.846961735042,-0.00966165850172448,32.4599164951906
"703","M50Cd_3407",112.654157663274,-0.00377557006370219,33.1368289464696
"704","M50Cd_3407D",106.93007553159,-0.0075854391046931,33.1970454255901
"705","M601a_2705",162.181780595212,0.00318608759186216,26.4091111380301
"706","M601a_2705D",163.274852621022,-0.00378934405199067,26.3472605452662
"707","M601a_2806",166.556540265079,0.00177652905992277,27.2908921911942
"708","M601a_2806D",165.3821598398,-0.00526489137775027,27.1951611158411
"709","M601a_2902",204.925121463889,0.00576220052623583,28.5658202302162
"710","M601a_2902D",207.718621641613,-0.00354496271012327,28.5463214028983
"711","M601a_3003",154.887770510737,0.000827804217637191,29.3246835314754
"712","M601a_3003D",153.178248547301,-0.00742306717297377,29.3551595824621
"713","M601a_3105",144.489668147945,0.00315582029447494,30.0994850693887
"714","M601a_3105D",144.998203679449,-0.00596992923805395,30.1507398127162
"715","M601a_3201",175.792705398685,0.00650594082634583,31.3905793091626
"716","M601a_3201D",179.276633580606,-0.00515727952658437,31.3687362032486
"717","M601a_3302",155.704420686907,0.00213611476189953,32.3902492150342
"718","M601a_3302D",151.88786490661,-0.0058145405879456,32.3631784056543
"719","M601a_3404",137.825037849713,-0.00168233939518219,33.2334472684661
"720","M601a_3404D",135.031640873595,-0.00462955479694723,33.2266068586871
"721","M601b_2701",174.636309045097,0.00464176229239,26.4463233202281
"722","M601b_2701D",177.711953291368,-0.00388423845795056,26.4083690118702
"723","M601b_2802",200.051207747758,0.00499999607126398,27.2364953703601
"724","M601b_2802D",202.402789525129,-0.00475576297198656,27.2177308755673
"725","M601b_2904",208.175245162854,0.00595787165052531,28.6647549491343
"726","M601b_2904D",211.793622379874,-0.00477348740600911,28.4398230119323
"727","M601b_3005",121.302020102364,-0.00258099024273097,29.3024863894885
"728","M601b_3005D",116.511790503013,-0.00765103859898792,29.3194364639338
"729","M601b_3101",181.419424425686,0.00622067618271671,30.2721172779481
"730","M601b_3101D",184.029497488887,-0.00589694463268521,30.3066822161658
"731","M601b_3203",150.853448169688,0.0051298607221857,31.3384850983525
"732","M601b_3203D",152.94550231459,-0.00514298419936939,31.3866597794924
"733","M601b_3304",130.714544520715,0.00170407104489051,32.3340657883843
"734","M601b_3304D",128.951310606698,-0.00514717075613107,32.3448490032658
"735","M601b_3406",122.125113461599,-0.0031388557928829,32.9415923199533
"736","M601b_3406D",117.862511023651,-0.00516189999494582,33.0466686850697
"737","M601c_2704",161.599179200989,0.00355320369158845,26.3701292148205
"738","M601c_2704D",162.931505277621,-0.00355381850060106,26.3158866071802
"739","M601c_2806",167.446410725674,0.00174750229360924,27.3261860745739
"740","M601c_2806D",166.270327139007,-0.00515721493048403,27.2447361580744
"741","M601c_2901",209.797022561665,0.00735699584206703,28.2346082517606
"742","M601c_2901D",214.364971821277,-0.00397771807578076,28.1478494013736
"743","M601c_3003",157.937729420851,0.000724347752783394,29.357736848897
"744","M601c_3003D",155.98951684103,-0.00734348381913945,29.3641813103522
"745","M601c_3105",144.542350742778,0.00281896545120764,29.9536234982982
"746","M601c_3105D",144.526805776282,-0.00611379258575037,30.0610925720413
"747","M601c_3206",135.233905398172,-0.00200860812136168,31.1536551645031
"748","M601c_3206D",131.384216318698,-0.00700640831124105,31.2417137396975
"749","M601c_3302",150.499903373061,0.000653216153236698,32.6118689834972
"750","M601c_3302D",146.225862757857,-0.00497883485852646,32.5023794577308
"751","M601c_3403",147.103859746072,-0.00232992180173644,33.1242835937514
"752","M601c_3403D",143.587882665767,-0.00403776343966957,33.13450154812
"753","M601d_2705",163.961069487326,0.00345110293622814,26.404376357827
"754","M601d_2705D",165.196950697573,-0.0037320901794632,26.3228962775413
"755","M601d_2801",195.280548592192,0.0043521725119624,27.1876258333165
"756","M601d_2801D",196.936876868123,-0.00375184232445003,27.1595572705292
"757","M601d_2902",208.278617834438,0.0064317737652852,28.416156079239
"758","M601d_2902D",211.684856926591,-0.00355203023974688,28.408263786646
"759","M601d_3004",133.852369031675,-0.0017532508633708,29.3770122169036
"760","M601d_3004D",141.119291290146,-0.00759661140522944,29.3247597235497
"761","M601d_3106",137.572762512951,0.000842403151942199,29.9878270705161
"762","M601d_3106D",136.446016867709,-0.00678934202744074,30.0054839454282
"763","M601d_3201",171.362061201148,0.00486749008838245,31.3316921307449
"764","M601d_3201D",173.298776905953,-0.00491542042897739,31.3482788853965
"765","M601d_3303",126.282300330905,0.00180481914737229,32.4923747217784
"766","M601d_3303D",125.614456391756,-0.00427674817988387,32.4410991055058
"767","M601d_3404",124.58991724287,-0.00276985373506575,33.141505192698
"768","M601d_3404D",121.118603320426,-0.00406526775175103,33.1504738898839
"769","M602a_2701",173.649467338645,0.00405109794288919,26.4386680535246
"770","M602a_2701D",175.91498615935,-0.00537862793360839,26.4027452675652
"771","M602a_2803",197.187715398827,0.00475472491438558,27.0775672503849
"772","M602a_2803D",199.243780738771,-0.00575986398714527,27.1031222966847
"773","M602a_2904",199.060795873908,0.00532028289352708,28.6814330640611
"774","M602a_2904D",202.495925964045,-0.00496759600947017,28.479526172917
"775","M602a_3006",162.992962788232,-0.00106021659219929,29.5719226640619
"776","M602a_3006D",160.064184928058,-0.00565629280372206,29.4487470453139
"777","M602a_3102",168.809140872052,0.00535469204062717,30.2448870538158
"778","M602a_3102D",170.928130540249,-0.00649850764128229,30.3862352612965
"779","M602a_3203",143.379168717833,0.00454308174409206,31.3039489391866
"780","M602a_3203D",145.142436898133,-0.00518763362741558,31.3374701941157
"781","M602a_3305",119.470129650763,-0.000127156501606266,32.2924028988973
"782","M602a_3305D",116.778110718181,-0.00548573225560835,32.3442191581077
"783","M602a_3406",121.409858267823,-0.00346356665245347,33.1955256814175
"784","M602a_3406D",116.798559297634,-0.00515943843847263,33.20591175381
"785","M602b_2706",160.860582341347,0.00258045859696512,26.3730032801691
"786","M602b_2706D",162.100331230918,-0.00429619472214091,26.3352096645678
"787","M602b_2802",178.615533588827,0.00397397630690715,27.1637989740495
"788","M602b_2802D",180.358088988815,-0.00456422691751242,27.1613365586137
"789","M602b_2903",202.862784281119,0.00549012937522634,28.4065573319922
"790","M602b_2903D",207.439195594535,-0.00434689073260536,28.3177138423023
"791","M602b_3005",114.690870491574,-0.0024063228468234,29.1996546410872
"792","M602b_3005D",110.152032446999,-0.00739558210231284,29.2244729131822
"793","M602b_3101",187.993951001626,0.0062113897556036,30.422665325942
"794","M602b_3101D",190.733292679968,-0.00629300346639468,30.4234349169455
"795","M602b_3202",161.339011015007,0.00533385364675204,31.3029472688274
"796","M602b_3202D",163.421695577386,-0.00570132863619146,31.339087275839
"797","M602b_3304",127.094605215958,0.00116570864708135,32.3445007452968
"798","M602b_3304D",124.971239213674,-0.00519745567328909,32.3412355383216
"799","M602b_3405",127.129622106028,-0.00333422796713745,33.0579068829069
"800","M602b_3405D",122.864275722821,-0.00506026869514398,33.0880510923155
"801","M602c_2705",170.701852481757,0.00443094546737241,26.3797191897157
"802","M602c_2705D",172.321278661939,-0.00462331691621125,26.3097436674857
"803","M602c_2801",205.820527711593,0.00504811059211793,27.2263183025153
"804","M602c_2801D",207.560060820257,-0.00519145631758022,27.133963905836
"805","M602c_2902",214.855857808292,0.00553316293513844,28.4968489113528
"806","M602c_2902D",216.955092834929,-0.00536886689100608,28.4890890769365
"807","M602c_3004",130.279147337229,-0.00220516362169926,29.337638797426
"808","M602c_3004D",138.43303229439,-0.00849780774542265,29.2843533345317
"809","M602c_3106",136.534336351376,-0.000314022636898379,30.0717824106075
"810","M602c_3106D",134.0960309168,-0.00790542671409658,30.0694228293409
"811","M602c_3201",172.019004953302,0.00513517484750943,31.1782292066089
"812","M602c_3201D",173.599845468588,-0.00603000881034816,31.2451491128016
"813","M602c_3303",134.009303363321,1.70728498610137e-06,32.3211307532395
"814","M602c_3303D",131.548386764094,-0.00535078122963628,32.3295393597204
"815","M602c_3404",136.71791754596,-0.00502125225801809,33.0796929238202
"816","M602c_3404D",130.754678360882,-0.00609213263591058,33.1079897534661
"817","M602d_2703",170.00872605624,0.00719051869147644,26.4387408532041
"818","M602d_2703D",173.542886764627,-0.00738582345754243,26.4062715555929
"819","M602d_2805",167.021451477692,0.00603516841734855,27.3587423301075
"820","M602d_2805D",167.409096156145,-0.00753622388443845,27.2931838854901
"821","M602d_2906",165.595334222738,0.00367736191488559,28.200610843005
"822","M602d_2906D",164.59861110112,-0.00891273746732665,28.2043792598123
"823","M602d_3002",168.82449658935,0.00634500852407238,29.3855044123732
"824","M602d_3002D",169.049870750411,-0.0104144550039286,29.3522443666662
"825","M602d_3104",153.785507488419,0.00907798643325031,29.9710565029869
"826","M602d_3104D",156.553298334525,-0.00957674216437298,30.0198849652513
"827","M602d_3205",137.581522544512,0.0028442507273906,31.3972560944215
"828","M602d_3205D",136.263555009663,-0.010850981390764,31.4459443629599
"829","M602d_3301",176.305673519099,0.00400473080140647,32.3566830489982
"830","M602d_3301D",172.836168816778,-0.009438909509632,32.4561417897226
"831","M602d_3402",156.223716857308,-0.00462041824633999,33.0867252952345
"832","M602d_3402D",149.472903385958,-0.00689239569384245,33.1730159769169
"833","M603a_2704",166.22683276054,0.00451906447936874,26.5051669804797
"834","M603a_2704D",168.414520957736,-0.00431556455938365,26.4344961509287
"835","M603a_2806",174.032455242081,0.00246708866023187,27.2112134261555
"836","M603a_2806D",172.95154312019,-0.00624549153552778,27.1413535805815
"837","M603a_2901",191.204446089505,0.00710610941014457,28.324333842992
"838","M603a_2901D",195.34957772842,-0.0040506156171026,28.2239719850446
"839","M603a_3003",155.897810181149,0.00155817169260581,29.2507283967853
"840","M603a_3003D",154.470685006383,-0.00832265257357378,29.2897391285805
"841","M603a_3105",138.97727454058,0.00323682214354462,30.0673061576533
"842","M603a_3105D",139.329953358786,-0.0064949137666175,30.1775025391674
"843","M603a_3206",117.758633304307,-0.00122331437946085,31.2882806773697
"844","M603a_3206D",114.910678925027,-0.0065223034228997,31.338950653054
"845","M603a_3302",136.056643334436,0.00123623988464798,32.5210901559364
"846","M603a_3302D",132.432723861138,-0.00487113915980851,32.4386155072431
"847","M603a_3403",147.122578554671,-0.00312635919744457,33.2154435860027
"848","M603a_3403D",142.589976950697,-0.00494849483628284,33.2245293661489
"849","M603b_2706",161.14365223825,0.00260652914270006,26.3761277227582
"850","M603b_2706D",162.594830416884,-0.00396046838129761,26.3184309969196
"851","M603b_2801",197.656029936129,0.0036670204997803,27.0652822130901
"852","M603b_2801D",198.550668235565,-0.00452044996621917,27.0366922886001
"853","M603b_2903",202.684383758449,0.00467370467265578,28.4551522563904
"854","M603b_2903D",206.415130143435,-0.00399486284883843,28.3369589392582
"855","M603b_3004",131.544854671629,-0.00247191799445625,29.2852647843875
"856","M603b_3004D",139.336279804633,-0.00802238125947613,29.200794718375
"857","M603b_3106",142.838861062334,-0.000288807321632758,29.9460146420788
"858","M603b_3106D",140.450161389672,-0.00753512439454306,29.9902056863665
"859","M603b_3202",161.596460620835,0.005634513315734,31.3258088652429
"860","M603b_3202D",163.841653311922,-0.00526578757905341,31.3391973085661
"861","M603b_3303",132.992328697171,0.00160149651745224,32.5113862672159
"862","M603b_3303D",131.973486679239,-0.00489967884043926,32.4992084229804
"863","M603b_3405",116.413610817151,-0.00281372858370453,33.0739855062204
"864","M603b_3405D",112.979545282572,-0.00430475094432699,33.1146415361507
"865","M603c_2706",168.312381602019,0.0032320996050524,26.3052299396688
"866","M603c_2706D",169.843981782495,-0.00506675243485482,26.2715460487549
"867","M603c_2802",187.780432520467,0.00472718954540611,27.1381796282167
"868","M603c_2802D",189.728895812043,-0.00579410148545031,27.1887395991132
"869","M603c_2903",207.332493719198,0.00602184595926412,28.4165012730411
"870","M603c_2903D",212.003725696759,-0.00495434296228062,28.3205019261262
"871","M603c_3005",126.115543292594,-0.00288281297205402,29.1595222569894
"872","M603c_3005D",120.560172992495,-0.00892361823909275,29.1987106164409
"873","M603c_3101",168.611880529374,0.00601029039437571,30.3949064743803
"874","M603c_3101D",170.984512674641,-0.00651265861655161,30.4091679226108
"875","M603c_3202",149.935463465716,0.00654811564045172,31.3725964120819
"876","M603c_3202D",152.86682009775,-0.00545939287518269,31.3812671102021
"877","M603c_3304",126.199944290783,0.00218483268324253,32.4310353989241
"878","M603c_3304D",124.668650157734,-0.005369682765949,32.4635869946012
"879","M603c_3405",126.277371317246,-0.00391052805872614,33.1213162158454
"880","M603c_3405D",121.560872856321,-0.0054957436940968,33.140459652144
"881","M603d_2702",166.799376446628,0.00525427769521098,26.244059662098
"882","M603d_2702D",169.32950624346,-0.00546888837473449,26.2778520028013
"883","M603d_2804",189.52564938196,0.00514732286134051,27.1821557099168
"884","M603d_2804D",191.09839825012,-0.00604017263376028,27.1468138315732
"885","M603d_2905",174.257889947814,0.0041149852620802,28.2676361060787
"886","M603d_2905D",174.124328080591,-0.00662178330086376,28.2257641857747
"887","M603d_3001",193.901551501644,0.00564323826823323,28.8661316635948
"888","M603d_3001D",195.633920584737,-0.00846763335880952,28.9581046168377
"889","M603d_3103",160.650031475483,0.00674092746979611,30.4942719205066
"890","M603d_3103D",163.195342036459,-0.00713459518241716,30.3720276199934
"891","M603d_3204",149.394120579594,0.00443113596351456,31.2143590336926
"892","M603d_3204D",149.138028737001,-0.00758939038574761,31.2977781764918
"893","M603d_3306",105.389915789235,3.19116299699031e-05,32.528467092317
"894","M603d_3306D",103.464803878951,-0.00512880928655487,32.4357263270375
"895","M603d_3401",168.204719261678,-0.00126820511455389,32.9519028275085
"896","M603d_3401D",165.639328371448,-0.0048814548024748,33.0115809913329
"897","M60Ca_2706",158.247541798618,0.00311566280679123,26.2911803685456
"898","M60Ca_2706D",159.812575160043,-0.00482730669013697,26.2713667922664
"899","M60Ca_2802",196.582176032992,0.00521248707075877,27.1342133902508
"900","M60Ca_2802D",198.750169953018,-0.00537976998713396,27.1213390791005
"901","M60Ca_2903",204.154184197987,0.0061824743954064,28.4495996136063
"902","M60Ca_2903D",209.551953674588,-0.00443303678620556,28.3513776292272
"903","M60Ca_3005",125.019838001263,-0.00267734817620737,29.1851499780167
"904","M60Ca_3005D",119.858850019558,-0.00831743776211501,29.2017129132792
"905","M60Ca_3101",184.384730407557,0.0072927065042475,30.3514694035342
"906","M60Ca_3101D",187.560148718803,-0.0063370055914389,30.3690923589057
"907","M60Ca_3202",164.745383386391,0.00652107052448559,31.3858031409851
"908","M60Ca_3202D",167.579892003465,-0.00609086196076696,31.3827706387319
"909","M60Ca_3304",129.081945333279,0.00080004460602144,32.4274893279402
"910","M60Ca_3304D",126.456193618605,-0.00556468706362492,32.3992433231044
"911","M60Ca_3405",122.717919011528,-0.00391600540921782,33.1069602829728
"912","M60Ca_3405D",118.074637363672,-0.00506629027715838,33.1819877174411
"913","M60Cb_2704",172.45123871325,0.00375028287146779,26.2849802486286
"914","M60Cb_2704D",173.92234535175,-0.00408108454788017,26.2630959329542
"915","M60Cb_2805",170.092676116128,0.00252351018404857,27.3714548364102
"916","M60Cb_2805D",169.183907467422,-0.00495810515625353,27.3468832936605
"917","M60Cb_2901",187.495839153992,0.00555126888241775,28.307665674201
"918","M60Cb_2901D",190.102195668103,-0.0042817059127023,28.2464795521977
"919","M60Cb_3002",155.51042073542,0.00162521016138585,29.4009919517433
"920","M60Cb_3002D",154.250799563737,-0.0062395166648615,29.3732331416629
"921","M60Cb_3104",139.821035308693,0.00338409570145239,30.024112860596
"922","M60Cb_3104D",140.017642149299,-0.00544493355930601,30.042318748891
"923","M60Cb_3206",127.575557793214,-0.00185207536715199,31.3580459930526
"924","M60Cb_3206D",124.00364009924,-0.00677046617764064,31.3598337540652
"925","M60Cb_3301",163.452179073892,0.000994674740829917,32.3593027292841
"926","M60Cb_3301D",160.504329425726,-0.00562638143176463,32.4528784490767
"927","M60Cb_3403",146.628914534822,-0.00282631814243342,33.1798002567905
"928","M60Cb_3403D",142.664506101602,-0.0041230310735134,33.1809106879817
"929","M60Cc_2706",162.452918966837,0.00409228043581078,26.3959686449834
"930","M60Cc_2706D",164.575396898958,-0.00567053688728731,26.3484452209027
"931","M60Cc_2801",188.090205154548,0.00563057071649782,27.1611240123872
"932","M60Cc_2801D",190.161595585394,-0.0055256741099359,27.104801729111
"933","M60Cc_2903",191.251452648667,0.00773812190503035,28.8062905436955
"934","M60Cc_2903D",198.063267269729,-0.0047259678740668,28.5594107698613
"935","M60Cc_3004",119.40062531314,-0.00137252058655875,29.3399363070542
"936","M60Cc_3004D",127.439493242386,-0.00849015362881351,29.2735554218356
"937","M60Cc_3106",137.43885698031,0.000559617722668819,29.8840184670049
"938","M60Cc_3106D",135.506292607972,-0.00900715739602236,29.9743057851179
"939","M60Cc_3202",157.215039182984,0.00754699971428368,31.4748659081439
"940","M60Cc_3202D",160.401980050438,-0.00643330204023729,31.4672332614104
"941","M60Cc_3303",139.285784219302,0.00204473416490199,32.5039217076853
"942","M60Cc_3303D",137.77045438376,-0.00650595205633345,32.4550840471931
"943","M60Cc_3405",127.303162978663,-0.00517012805896604,32.9850579179546
"944","M60Cc_3405D",121.336544609567,-0.00600111247159284,33.0613233579886
"945","M60Cd_2705",164.09309467372,0.00305691893320158,26.4661271147234
"946","M60Cd_2705D",165.158224317905,-0.00354514458842026,26.3710437092695
"947","M60Cd_2801",206.823489751311,0.0040473065806753,27.2167534953886
"948","M60Cd_2801D",208.239030669924,-0.00397689207821756,27.1427205081405
"949","M60Cd_2902",213.932502717614,0.00551509770175535,28.473987249207
"950","M60Cd_2902D",216.666623886612,-0.00353893043425945,28.4626858535309
"951","M60Cd_3004",132.048005133157,-0.00193406440348984,29.2791743504362
"952","M60Cd_3004D",139.084685027204,-0.00712034170431707,29.2263275438155
"953","M60Cd_3106",132.055150332787,-0.000345072655764843,30.012127735287
"954","M60Cd_3106D",129.807570229453,-0.00635157225705511,30.0897549263601
"955","M60Cd_3201",177.859986046805,0.00451521022031622,31.2046701321057
"956","M60Cd_3201D",179.404521649386,-0.00543609965028068,31.2462774007144
"957","M60Cd_3303",137.881047723618,0.00097113025529844,32.4431471219356
"958","M60Cd_3303D",136.613584283376,-0.00469027411298456,32.3951598901137
"959","M60Cd_3404",134.748190683322,-0.00370341663842903,33.2652273091151
"960","M60Cd_3404D",130.238070467716,-0.00463381562308298,33.2407557542592
"961",NA,NA,NA,NA
"962",NA,NA,NA,NA
"963",NA,NA,NA,NA
"964",NA,NA,NA,NA
"965",NA,NA,NA,NA
"966",NA,NA,NA,NA
"967",NA,NA,NA,NA
"968",NA,NA,NA,NA
"969",NA,NA,NA,NA
"970",NA,NA,NA,NA
"971",NA,NA,NA,NA
"972",NA,NA,NA,NA
"973",NA,NA,NA,NA
"974",NA,NA,NA,NA
"975",NA,NA,NA,NA
"976",NA,NA,NA,NA
"977",NA,NA,NA,NA
"978",NA,NA,NA,NA
"979",NA,NA,NA,NA
"980",NA,NA,NA,NA
"981",NA,NA,NA,NA
"982",NA,NA,NA,NA
"983",NA,NA,NA,NA
"984",NA,NA,NA,NA
"985",NA,NA,NA,NA
"986",NA,NA,NA,NA
"987",NA,NA,NA,NA
"988",NA,NA,NA,NA
"989",NA,NA,NA,NA
"990",NA,NA,NA,NA
"991",NA,NA,NA,NA
"992",NA,NA,NA,NA
"993",NA,NA,NA,NA
"994",NA,NA,NA,NA
"995",NA,NA,NA,NA
"996",NA,NA,NA,NA
"997",NA,NA,NA,NA
"998",NA,NA,NA,NA
"999",NA,NA,NA,NA
"1000",NA,NA,NA,NA
"1001",NA,NA,NA,NA
"1002",NA,NA,NA,NA
"1003",NA,NA,NA,NA
"1004",NA,NA,NA,NA
"1005",NA,NA,NA,NA
"1006",NA,NA,NA,NA
"1007",NA,NA,NA,NA
"1008",NA,NA,NA,NA
"1009",NA,NA,NA,NA
"1010",NA,NA,NA,NA
"1011",NA,NA,NA,NA
"1012",NA,NA,NA,NA
"1013",NA,NA,NA,NA
"1014",NA,NA,NA,NA
"1015",NA,NA,NA,NA
"1016",NA,NA,NA,NA
"1017",NA,NA,NA,NA
"1018",NA,NA,NA,NA
"1019",NA,NA,NA,NA
"1020",NA,NA,NA,NA
"1021",NA,NA,NA,NA
"1022",NA,NA,NA,NA
"1023",NA,NA,NA,NA
"1024",NA,NA,NA,NA
"1025",NA,NA,NA,NA
"1026",NA,NA,NA,NA
"1027",NA,NA,NA,NA
"1028",NA,NA,NA,NA
"1029",NA,NA,NA,NA
"1030",NA,NA,NA,NA
"1031",NA,NA,NA,NA
"1032",NA,NA,NA,NA
"1033",NA,NA,NA,NA
"1034",NA,NA,NA,NA
"1035",NA,NA,NA,NA
"1036",NA,NA,NA,NA
"1037",NA,NA,NA,NA
"1038",NA,NA,NA,NA
"1039",NA,NA,NA,NA
"1040",NA,NA,NA,NA
"1041",NA,NA,NA,NA
"1042",NA,NA,NA,NA
"1043",NA,NA,NA,NA
"1044",NA,NA,NA,NA
"1045",NA,NA,NA,NA
"1046",NA,NA,NA,NA
"1047",NA,NA,NA,NA
"1048",NA,NA,NA,NA
"1049",NA,NA,NA,NA
"1050",NA,NA,NA,NA
"1051",NA,NA,NA,NA
"1052",NA,NA,NA,NA
"1053",NA,NA,NA,NA
"1054",NA,NA,NA,NA
"1055",NA,NA,NA,NA
"1056",NA,NA,NA,NA
"1057",NA,NA,NA,NA
"1058",NA,NA,NA,NA
"1059",NA,NA,NA,NA
"1060",NA,NA,NA,NA
"1061",NA,NA,NA,NA
"1062",NA,NA,NA,NA
"1063",NA,NA,NA,NA
"1064",NA,NA,NA,NA
"1065",NA,NA,NA,NA
"1066",NA,NA,NA,NA
"1067",NA,NA,NA,NA
"1068",NA,NA,NA,NA
"1069",NA,NA,NA,NA
"1070",NA,NA,NA,NA
"1071",NA,NA,NA,NA
"1072",NA,NA,NA,NA
"1073",NA,NA,NA,NA
"1074",NA,NA,NA,NA
"1075",NA,NA,NA,NA
"1076",NA,NA,NA,NA
"1077",NA,NA,NA,NA
"1078",NA,NA,NA,NA
"1079",NA,NA,NA,NA
"1080",NA,NA,NA,NA
"1081",NA,NA,NA,NA
"1082",NA,NA,NA,NA
"1083",NA,NA,NA,NA
"1084",NA,NA,NA,NA
"1085",NA,NA,NA,NA
"1086",NA,NA,NA,NA
"1087",NA,NA,NA,NA
"1088",NA,NA,NA,NA
"1089",NA,NA,NA,NA
"1090",NA,NA,NA,NA
"1091",NA,NA,NA,NA
"1092",NA,NA,NA,NA
"1093",NA,NA,NA,NA
"1094",NA,NA,NA,NA
"1095",NA,NA,NA,NA
"1096",NA,NA,NA,NA
"1097",NA,NA,NA,NA
"1098",NA,NA,NA,NA
"1099",NA,NA,NA,NA
"1100",NA,NA,NA,NA
"1101",NA,NA,NA,NA
"1102",NA,NA,NA,NA
"1103",NA,NA,NA,NA
"1104",NA,NA,NA,NA
"1105",NA,NA,NA,NA
"1106",NA,NA,NA,NA
"1107",NA,NA,NA,NA
"1108",NA,NA,NA,NA
"1109",NA,NA,NA,NA
"1110",NA,NA,NA,NA
"1111",NA,NA,NA,NA
"1112",NA,NA,NA,NA
"1113",NA,NA,NA,NA
"1114",NA,NA,NA,NA
"1115",NA,NA,NA,NA
"1116",NA,NA,NA,NA
"1117",NA,NA,NA,NA
"1118",NA,NA,NA,NA
"1119",NA,NA,NA,NA
"1120",NA,NA,NA,NA
"1121",NA,NA,NA,NA
"1122",NA,NA,NA,NA
"1123",NA,NA,NA,NA
"1124",NA,NA,NA,NA
"1125",NA,NA,NA,NA
"1126",NA,NA,NA,NA
"1127",NA,NA,NA,NA
"1128",NA,NA,NA,NA
"1129",NA,NA,NA,NA
"1130",NA,NA,NA,NA
"1131",NA,NA,NA,NA
"1132",NA,NA,NA,NA
"1133",NA,NA,NA,NA
"1134",NA,NA,NA,NA
"1135",NA,NA,NA,NA
"1136",NA,NA,NA,NA
"1137",NA,NA,NA,NA
"1138",NA,NA,NA,NA
"1139",NA,NA,NA,NA
"1140",NA,NA,NA,NA
"1141",NA,NA,NA,NA
"1142",NA,NA,NA,NA
"1143",NA,NA,NA,NA
"1144",NA,NA,NA,NA
"1145",NA,NA,NA,NA
"1146",NA,NA,NA,NA
"1147",NA,NA,NA,NA
"1148",NA,NA,NA,NA
"1149",NA,NA,NA,NA
"1150",NA,NA,NA,NA
"1151",NA,NA,NA,NA
"1152",NA,NA,NA,NA
"1153",NA,NA,NA,NA
"1154",NA,NA,NA,NA
"1155",NA,NA,NA,NA
"1156",NA,NA,NA,NA
"1157",NA,NA,NA,NA
"1158",NA,NA,NA,NA
"1159",NA,NA,NA,NA
"1160",NA,NA,NA,NA
"1161",NA,NA,NA,NA
"1162",NA,NA,NA,NA
"1163",NA,NA,NA,NA
"1164",NA,NA,NA,NA
"1165",NA,NA,NA,NA
"1166",NA,NA,NA,NA
"1167",NA,NA,NA,NA
"1168",NA,NA,NA,NA
"1169",NA,NA,NA,NA
"1170",NA,NA,NA,NA
"1171",NA,NA,NA,NA
"1172",NA,NA,NA,NA
"1173",NA,NA,NA,NA
"1174",NA,NA,NA,NA
"1175",NA,NA,NA,NA
"1176",NA,NA,NA,NA
"1177",NA,NA,NA,NA
"1178",NA,NA,NA,NA
"1179",NA,NA,NA,NA
"1180",NA,NA,NA,NA
"1181",NA,NA,NA,NA
"1182",NA,NA,NA,NA
"1183",NA,NA,NA,NA
"1184",NA,NA,NA,NA
"1185",NA,NA,NA,NA
"1186",NA,NA,NA,NA
"1187",NA,NA,NA,NA
"1188",NA,NA,NA,NA
"1189",NA,NA,NA,NA
"1190",NA,NA,NA,NA
"1191",NA,NA,NA,NA
"1192",NA,NA,NA,NA
"1193",NA,NA,NA,NA
"1194",NA,NA,NA,NA
"1195",NA,NA,NA,NA
"1196",NA,NA,NA,NA
"1197",NA,NA,NA,NA
"1198",NA,NA,NA,NA
"1199",NA,NA,NA,NA
"1200",NA,NA,NA,NA
"1201",NA,NA,NA,NA
"1202",NA,NA,NA,NA
"1203",NA,NA,NA,NA
"1204",NA,NA,NA,NA
"1205",NA,NA,NA,NA
"1206",NA,NA,NA,NA
"1207",NA,NA,NA,NA
"1208",NA,NA,NA,NA
"1209",NA,NA,NA,NA
"1210",NA,NA,NA,NA
"1211",NA,NA,NA,NA
"1212",NA,NA,NA,NA
"1213",NA,NA,NA,NA
"1214",NA,NA,NA,NA
"1215",NA,NA,NA,NA
"1216",NA,NA,NA,NA
"1217",NA,NA,NA,NA
"1218",NA,NA,NA,NA
"1219",NA,NA,NA,NA
"1220",NA,NA,NA,NA
"1221",NA,NA,NA,NA
"1222",NA,NA,NA,NA
"1223",NA,NA,NA,NA
"1224",NA,NA,NA,NA
"1225",NA,NA,NA,NA
"1226",NA,NA,NA,NA
"1227",NA,NA,NA,NA
"1228",NA,NA,NA,NA
"1229",NA,NA,NA,NA
"1230",NA,NA,NA,NA
"1231",NA,NA,NA,NA
"1232",NA,NA,NA,NA
"1233",NA,NA,NA,NA
"1234",NA,NA,NA,NA
"1235",NA,NA,NA,NA
"1236",NA,NA,NA,NA
"1237",NA,NA,NA,NA
"1238",NA,NA,NA,NA
"1239",NA,NA,NA,NA
"1240",NA,NA,NA,NA
"1241",NA,NA,NA,NA
"1242",NA,NA,NA,NA
"1243",NA,NA,NA,NA
"1244",NA,NA,NA,NA
"1245",NA,NA,NA,NA
"1246",NA,NA,NA,NA
"1247",NA,NA,NA,NA
"1248",NA,NA,NA,NA
"1249",NA,NA,NA,NA
"1250",NA,NA,NA,NA
"1251",NA,NA,NA,NA
"1252",NA,NA,NA,NA
"1253",NA,NA,NA,NA
"1254",NA,NA,NA,NA
"1255",NA,NA,NA,NA
"1256",NA,NA,NA,NA
"1257",NA,NA,NA,NA
"1258",NA,NA,NA,NA
"1259",NA,NA,NA,NA
"1260",NA,NA,NA,NA
"1261",NA,NA,NA,NA
"1262",NA,NA,NA,NA
"1263",NA,NA,NA,NA
"1264",NA,NA,NA,NA
"1265",NA,NA,NA,NA
"1266",NA,NA,NA,NA
"1267",NA,NA,NA,NA
"1268",NA,NA,NA,NA
"1269",NA,NA,NA,NA
"1270",NA,NA,NA,NA
"1271",NA,NA,NA,NA
"1272",NA,NA,NA,NA
"1273",NA,NA,NA,NA
"1274",NA,NA,NA,NA
"1275",NA,NA,NA,NA
"1276",NA,NA,NA,NA
"1277",NA,NA,NA,NA
"1278",NA,NA,NA,NA
"1279",NA,NA,NA,NA
"1280",NA,NA,NA,NA
"1281",NA,NA,NA,NA
"1282",NA,NA,NA,NA
"1283",NA,NA,NA,NA
"1284",NA,NA,NA,NA
"1285",NA,NA,NA,NA
"1286",NA,NA,NA,NA
"1287",NA,NA,NA,NA
"1288",NA,NA,NA,NA
"1289",NA,NA,NA,NA
"1290",NA,NA,NA,NA
"1291",NA,NA,NA,NA
"1292",NA,NA,NA,NA
"1293",NA,NA,NA,NA
"1294",NA,NA,NA,NA
"1295",NA,NA,NA,NA
"1296",NA,NA,NA,NA
"1297",NA,NA,NA,NA
"1298",NA,NA,NA,NA
"1299",NA,NA,NA,NA
"1300",NA,NA,NA,NA
"1301",NA,NA,NA,NA
"1302",NA,NA,NA,NA
"1303",NA,NA,NA,NA
"1304",NA,NA,NA,NA
"1305",NA,NA,NA,NA
"1306",NA,NA,NA,NA
"1307",NA,NA,NA,NA
"1308",NA,NA,NA,NA
"1309",NA,NA,NA,NA
"1310",NA,NA,NA,NA
"1311",NA,NA,NA,NA
"1312",NA,NA,NA,NA
"1313",NA,NA,NA,NA
"1314",NA,NA,NA,NA
"1315",NA,NA,NA,NA
"1316",NA,NA,NA,NA
"1317",NA,NA,NA,NA
"1318",NA,NA,NA,NA
"1319",NA,NA,NA,NA
"1320",NA,NA,NA,NA
"1321",NA,NA,NA,NA
"1322",NA,NA,NA,NA
"1323",NA,NA,NA,NA
"1324",NA,NA,NA,NA
"1325",NA,NA,NA,NA
"1326",NA,NA,NA,NA
"1327",NA,NA,NA,NA
"1328",NA,NA,NA,NA
"1329",NA,NA,NA,NA
"1330",NA,NA,NA,NA
"1331",NA,NA,NA,NA
"1332",NA,NA,NA,NA
"1333",NA,NA,NA,NA
"1334",NA,NA,NA,NA
"1335",NA,NA,NA,NA
"1336",NA,NA,NA,NA
"1337",NA,NA,NA,NA
"1338",NA,NA,NA,NA
"1339",NA,NA,NA,NA
"1340",NA,NA,NA,NA
"1341",NA,NA,NA,NA
"1342",NA,NA,NA,NA
"1343",NA,NA,NA,NA
"1344",NA,NA,NA,NA
"1345",NA,NA,NA,NA
"1346",NA,NA,NA,NA
"1347",NA,NA,NA,NA
"1348",NA,NA,NA,NA
"1349",NA,NA,NA,NA
"1350",NA,NA,NA,NA
"1351",NA,NA,NA,NA
"1352",NA,NA,NA,NA
"1353",NA,NA,NA,NA
"1354",NA,NA,NA,NA
"1355",NA,NA,NA,NA
"1356",NA,NA,NA,NA
"1357",NA,NA,NA,NA
"1358",NA,NA,NA,NA
"1359",NA,NA,NA,NA
"1360",NA,NA,NA,NA
"1361",NA,NA,NA,NA
"1362",NA,NA,NA,NA
"1363",NA,NA,NA,NA
"1364",NA,NA,NA,NA
"1365",NA,NA,NA,NA
"1366",NA,NA,NA,NA
"1367",NA,NA,NA,NA
"1368",NA,NA,NA,NA
"1369",NA,NA,NA,NA
"1370",NA,NA,NA,NA
"1371",NA,NA,NA,NA
"1372",NA,NA,NA,NA
"1373",NA,NA,NA,NA
"1374",NA,NA,NA,NA
"1375",NA,NA,NA,NA
"1376",NA,NA,NA,NA
"1377",NA,NA,NA,NA
"1378",NA,NA,NA,NA
"1379",NA,NA,NA,NA
"1380",NA,NA,NA,NA
"1381",NA,NA,NA,NA
"1382",NA,NA,NA,NA
"1383",NA,NA,NA,NA
"1384",NA,NA,NA,NA
"1385",NA,NA,NA,NA
"1386",NA,NA,NA,NA
"1387",NA,NA,NA,NA
"1388",NA,NA,NA,NA
"1389",NA,NA,NA,NA
"1390",NA,NA,NA,NA
"1391",NA,NA,NA,NA
"1392",NA,NA,NA,NA
"1393",NA,NA,NA,NA
"1394",NA,NA,NA,NA
"1395",NA,NA,NA,NA
"1396",NA,NA,NA,NA
"1397",NA,NA,NA,NA
"1398",NA,NA,NA,NA
"1399",NA,NA,NA,NA
"1400",NA,NA,NA,NA
"1401",NA,NA,NA,NA
"1402",NA,NA,NA,NA
"1403",NA,NA,NA,NA
"1404",NA,NA,NA,NA
"1405",NA,NA,NA,NA
"1406",NA,NA,NA,NA
"1407",NA,NA,NA,NA
"1408",NA,NA,NA,NA
"1409",NA,NA,NA,NA
"1410",NA,NA,NA,NA
"1411",NA,NA,NA,NA
"1412",NA,NA,NA,NA
"1413",NA,NA,NA,NA
"1414",NA,NA,NA,NA
"1415",NA,NA,NA,NA
"1416",NA,NA,NA,NA
"1417",NA,NA,NA,NA
"1418",NA,NA,NA,NA
"1419",NA,NA,NA,NA
"1420",NA,NA,NA,NA
"1421",NA,NA,NA,NA
"1422",NA,NA,NA,NA
"1423",NA,NA,NA,NA
"1424",NA,NA,NA,NA
"1425",NA,NA,NA,NA
"1426",NA,NA,NA,NA
"1427",NA,NA,NA,NA
"1428",NA,NA,NA,NA
"1429",NA,NA,NA,NA
"1430",NA,NA,NA,NA
"1431",NA,NA,NA,NA
"1432",NA,NA,NA,NA
"1433",NA,NA,NA,NA
"1434",NA,NA,NA,NA
"1435",NA,NA,NA,NA
"1436",NA,NA,NA,NA
"1437",NA,NA,NA,NA
"1438",NA,NA,NA,NA
"1439",NA,NA,NA,NA
"1440",NA,NA,NA,NA
"1441",NA,NA,NA,NA
"1442",NA,NA,NA,NA
"1443",NA,NA,NA,NA
"1444",NA,NA,NA,NA
"1445",NA,NA,NA,NA
"1446",NA,NA,NA,NA
"1447",NA,NA,NA,NA
"1448",NA,NA,NA,NA
"1449",NA,NA,NA,NA
"1450",NA,NA,NA,NA
"1451",NA,NA,NA,NA
"1452",NA,NA,NA,NA
"1453",NA,NA,NA,NA
"1454",NA,NA,NA,NA
"1455",NA,NA,NA,NA
"1456",NA,NA,NA,NA
"1457",NA,NA,NA,NA
"1458",NA,NA,NA,NA
"1459",NA,NA,NA,NA
"1460",NA,NA,NA,NA
"1461",NA,NA,NA,NA
"1462",NA,NA,NA,NA
"1463",NA,NA,NA,NA
"1464",NA,NA,NA,NA
"1465",NA,NA,NA,NA
"1466",NA,NA,NA,NA
"1467",NA,NA,NA,NA
"1468",NA,NA,NA,NA
"1469",NA,NA,NA,NA
"1470",NA,NA,NA,NA
"1471",NA,NA,NA,NA
"1472",NA,NA,NA,NA
"1473",NA,NA,NA,NA
"1474",NA,NA,NA,NA
"1475",NA,NA,NA,NA
"1476",NA,NA,NA,NA
"1477",NA,NA,NA,NA
"1478",NA,NA,NA,NA
"1479",NA,NA,NA,NA
"1480",NA,NA,NA,NA
"1481",NA,NA,NA,NA
"1482",NA,NA,NA,NA
"1483",NA,NA,NA,NA
"1484",NA,NA,NA,NA
"1485",NA,NA,NA,NA
"1486",NA,NA,NA,NA
"1487",NA,NA,NA,NA
"1488",NA,NA,NA,NA
"1489",NA,NA,NA,NA
"1490",NA,NA,NA,NA
"1491",NA,NA,NA,NA
"1492",NA,NA,NA,NA
"1493",NA,NA,NA,NA
"1494",NA,NA,NA,NA
"1495",NA,NA,NA,NA
"1496",NA,NA,NA,NA
"1497",NA,NA,NA,NA
"1498",NA,NA,NA,NA
"1499",NA,NA,NA,NA
"1500",NA,NA,NA,NA
"1501",NA,NA,NA,NA
"1502",NA,NA,NA,NA
"1503",NA,NA,NA,NA
"1504",NA,NA,NA,NA
"1505",NA,NA,NA,NA
"1506",NA,NA,NA,NA
"1507",NA,NA,NA,NA
"1508",NA,NA,NA,NA
"1509",NA,NA,NA,NA
"1510",NA,NA,NA,NA
"1511",NA,NA,NA,NA
"1512",NA,NA,NA,NA
"1513",NA,NA,NA,NA
"1514",NA,NA,NA,NA
"1515",NA,NA,NA,NA
"1516",NA,NA,NA,NA
"1517",NA,NA,NA,NA
"1518",NA,NA,NA,NA
"1519",NA,NA,NA,NA
"1520",NA,NA,NA,NA
"1521",NA,NA,NA,NA
"1522",NA,NA,NA,NA
"1523",NA,NA,NA,NA
"1524",NA,NA,NA,NA
"1525",NA,NA,NA,NA
"1526",NA,NA,NA,NA
"1527",NA,NA,NA,NA
"1528",NA,NA,NA,NA
"1529",NA,NA,NA,NA
"1530",NA,NA,NA,NA
"1531",NA,NA,NA,NA
"1532",NA,NA,NA,NA
"1533",NA,NA,NA,NA
"1534",NA,NA,NA,NA
"1535",NA,NA,NA,NA
"1536",NA,NA,NA,NA
"1537",NA,NA,NA,NA
"1538",NA,NA,NA,NA
"1539",NA,NA,NA,NA
"1540",NA,NA,NA,NA
"1541",NA,NA,NA,NA
"1542",NA,NA,NA,NA
"1543",NA,NA,NA,NA
"1544",NA,NA,NA,NA
"1545",NA,NA,NA,NA
"1546",NA,NA,NA,NA
"1547",NA,NA,NA,NA
"1548",NA,NA,NA,NA
"1549",NA,NA,NA,NA
"1550",NA,NA,NA,NA
"1551",NA,NA,NA,NA
"1552",NA,NA,NA,NA
"1553",NA,NA,NA,NA
"1554",NA,NA,NA,NA
"1555",NA,NA,NA,NA
"1556",NA,NA,NA,NA
"1557",NA,NA,NA,NA
"1558",NA,NA,NA,NA
"1559",NA,NA,NA,NA
"1560",NA,NA,NA,NA
"1561",NA,NA,NA,NA
"1562",NA,NA,NA,NA
"1563",NA,NA,NA,NA
"1564",NA,NA,NA,NA
"1565",NA,NA,NA,NA
"1566",NA,NA,NA,NA
"1567",NA,NA,NA,NA
"1568",NA,NA,NA,NA
"1569",NA,NA,NA,NA
"1570",NA,NA,NA,NA
"1571",NA,NA,NA,NA
"1572",NA,NA,NA,NA
"1573",NA,NA,NA,NA
"1574",NA,NA,NA,NA
"1575",NA,NA,NA,NA
"1576",NA,NA,NA,NA
"1577",NA,NA,NA,NA
"1578",NA,NA,NA,NA
"1579",NA,NA,NA,NA
"1580",NA,NA,NA,NA
"1581",NA,NA,NA,NA
"1582",NA,NA,NA,NA
"1583",NA,NA,NA,NA
"1584",NA,NA,NA,NA
"1585",NA,NA,NA,NA
"1586",NA,NA,NA,NA
"1587",NA,NA,NA,NA
"1588",NA,NA,NA,NA
"1589",NA,NA,NA,NA
"1590",NA,NA,NA,NA
"1591",NA,NA,NA,NA
"1592",NA,NA,NA,NA
"1593",NA,NA,NA,NA
"1594",NA,NA,NA,NA
"1595",NA,NA,NA,NA
"1596",NA,NA,NA,NA
"1597",NA,NA,NA,NA
"1598",NA,NA,NA,NA
"1599",NA,NA,NA,NA
"1600",NA,NA,NA,NA
"1601",NA,NA,NA,NA
"1602",NA,NA,NA,NA
"1603",NA,NA,NA,NA
"1604",NA,NA,NA,NA
"1605",NA,NA,NA,NA
"1606",NA,NA,NA,NA
"1607",NA,NA,NA,NA
"1608",NA,NA,NA,NA
"1609",NA,NA,NA,NA
"1610",NA,NA,NA,NA
"1611",NA,NA,NA,NA
"1612",NA,NA,NA,NA
"1613",NA,NA,NA,NA
"1614",NA,NA,NA,NA
"1615",NA,NA,NA,NA
"1616",NA,NA,NA,NA
"1617",NA,NA,NA,NA
"1618",NA,NA,NA,NA
"1619",NA,NA,NA,NA
"1620",NA,NA,NA,NA
"1621",NA,NA,NA,NA
"1622",NA,NA,NA,NA
"1623",NA,NA,NA,NA
"1624",NA,NA,NA,NA
"1625",NA,NA,NA,NA
"1626",NA,NA,NA,NA
"1627",NA,NA,NA,NA
"1628",NA,NA,NA,NA
"1629",NA,NA,NA,NA
"1630",NA,NA,NA,NA
"1631",NA,NA,NA,NA
"1632",NA,NA,NA,NA
"1633",NA,NA,NA,NA
"1634",NA,NA,NA,NA
"1635",NA,NA,NA,NA
"1636",NA,NA,NA,NA
"1637",NA,NA,NA,NA
"1638",NA,NA,NA,NA
"1639",NA,NA,NA,NA
"1640",NA,NA,NA,NA
"1641",NA,NA,NA,NA
"1642",NA,NA,NA,NA
"1643",NA,NA,NA,NA
"1644",NA,NA,NA,NA
"1645",NA,NA,NA,NA
"1646",NA,NA,NA,NA
"1647",NA,NA,NA,NA
"1648",NA,NA,NA,NA
"1649",NA,NA,NA,NA
"1650",NA,NA,NA,NA
"1651",NA,NA,NA,NA
"1652",NA,NA,NA,NA
"1653",NA,NA,NA,NA
"1654",NA,NA,NA,NA
"1655",NA,NA,NA,NA
"1656",NA,NA,NA,NA
"1657",NA,NA,NA,NA
"1658",NA,NA,NA,NA
"1659",NA,NA,NA,NA
"1660",NA,NA,NA,NA
"1661",NA,NA,NA,NA
"1662",NA,NA,NA,NA
"1663",NA,NA,NA,NA
"1664",NA,NA,NA,NA
"1665",NA,NA,NA,NA
"1666",NA,NA,NA,NA
"1667",NA,NA,NA,NA
"1668",NA,NA,NA,NA
"1669",NA,NA,NA,NA
"1670",NA,NA,NA,NA
"1671",NA,NA,NA,NA
"1672",NA,NA,NA,NA
"1673",NA,NA,NA,NA
"1674",NA,NA,NA,NA
"1675",NA,NA,NA,NA
"1676",NA,NA,NA,NA
"1677",NA,NA,NA,NA
"1678",NA,NA,NA,NA
"1679",NA,NA,NA,NA
"1680",NA,NA,NA,NA
"1681",NA,NA,NA,NA
"1682",NA,NA,NA,NA
"1683",NA,NA,NA,NA
"1684",NA,NA,NA,NA
"1685",NA,NA,NA,NA
"1686",NA,NA,NA,NA
"1687",NA,NA,NA,NA
"1688",NA,NA,NA,NA
"1689",NA,NA,NA,NA
"1690",NA,NA,NA,NA
"1691",NA,NA,NA,NA
"1692",NA,NA,NA,NA
"1693",NA,NA,NA,NA
"1694",NA,NA,NA,NA
"1695",NA,NA,NA,NA
"1696",NA,NA,NA,NA
"1697",NA,NA,NA,NA
"1698",NA,NA,NA,NA
"1699",NA,NA,NA,NA
"1700",NA,NA,NA,NA
"1701",NA,NA,NA,NA
"1702",NA,NA,NA,NA
"1703",NA,NA,NA,NA
"1704",NA,NA,NA,NA
"1705",NA,NA,NA,NA
"1706",NA,NA,NA,NA
"1707",NA,NA,NA,NA
"1708",NA,NA,NA,NA
"1709",NA,NA,NA,NA
"1710",NA,NA,NA,NA
"1711",NA,NA,NA,NA
"1712",NA,NA,NA,NA
"1713",NA,NA,NA,NA
"1714",NA,NA,NA,NA
"1715",NA,NA,NA,NA
"1716",NA,NA,NA,NA
"1717",NA,NA,NA,NA
"1718",NA,NA,NA,NA
"1719",NA,NA,NA,NA
"1720",NA,NA,NA,NA
"1721",NA,NA,NA,NA
"1722",NA,NA,NA,NA
"1723",NA,NA,NA,NA
"1724",NA,NA,NA,NA
"1725",NA,NA,NA,NA
"1726",NA,NA,NA,NA
"1727",NA,NA,NA,NA
"1728",NA,NA,NA,NA
"1729",NA,NA,NA,NA
"1730",NA,NA,NA,NA
"1731",NA,NA,NA,NA
"1732",NA,NA,NA,NA
"1733",NA,NA,NA,NA
"1734",NA,NA,NA,NA
"1735",NA,NA,NA,NA
"1736",NA,NA,NA,NA
"1737",NA,NA,NA,NA
"1738",NA,NA,NA,NA
"1739",NA,NA,NA,NA
"1740",NA,NA,NA,NA
"1741",NA,NA,NA,NA
"1742",NA,NA,NA,NA
"1743",NA,NA,NA,NA
"1744",NA,NA,NA,NA
"1745",NA,NA,NA,NA
"1746",NA,NA,NA,NA
"1747",NA,NA,NA,NA
"1748",NA,NA,NA,NA
"1749",NA,NA,NA,NA
"1750",NA,NA,NA,NA
"1751",NA,NA,NA,NA
"1752",NA,NA,NA,NA
"1753",NA,NA,NA,NA
"1754",NA,NA,NA,NA
"1755",NA,NA,NA,NA
"1756",NA,NA,NA,NA
"1757",NA,NA,NA,NA
"1758",NA,NA,NA,NA
"1759",NA,NA,NA,NA
"1760",NA,NA,NA,NA
"1761",NA,NA,NA,NA
"1762",NA,NA,NA,NA
"1763",NA,NA,NA,NA
"1764",NA,NA,NA,NA
"1765",NA,NA,NA,NA
"1766",NA,NA,NA,NA
"1767",NA,NA,NA,NA
"1768",NA,NA,NA,NA
"1769",NA,NA,NA,NA
"1770",NA,NA,NA,NA
"1771",NA,NA,NA,NA
"1772",NA,NA,NA,NA
"1773",NA,NA,NA,NA
"1774",NA,NA,NA,NA
"1775",NA,NA,NA,NA
"1776",NA,NA,NA,NA
"1777",NA,NA,NA,NA
"1778",NA,NA,NA,NA
"1779",NA,NA,NA,NA
"1780",NA,NA,NA,NA
"1781",NA,NA,NA,NA
"1782",NA,NA,NA,NA
"1783",NA,NA,NA,NA
"1784",NA,NA,NA,NA
"1785",NA,NA,NA,NA
"1786",NA,NA,NA,NA
"1787",NA,NA,NA,NA
"1788",NA,NA,NA,NA
"1789",NA,NA,NA,NA
"1790",NA,NA,NA,NA
"1791",NA,NA,NA,NA
"1792",NA,NA,NA,NA
"1793",NA,NA,NA,NA
"1794",NA,NA,NA,NA
"1795",NA,NA,NA,NA
"1796",NA,NA,NA,NA
"1797",NA,NA,NA,NA
"1798",NA,NA,NA,NA
"1799",NA,NA,NA,NA
"1800",NA,NA,NA,NA
"1801",NA,NA,NA,NA
"1802",NA,NA,NA,NA
"1803",NA,NA,NA,NA
"1804",NA,NA,NA,NA
"1805",NA,NA,NA,NA
"1806",NA,NA,NA,NA
"1807",NA,NA,NA,NA
"1808",NA,NA,NA,NA
"1809",NA,NA,NA,NA
"1810",NA,NA,NA,NA
"1811",NA,NA,NA,NA
"1812",NA,NA,NA,NA
"1813",NA,NA,NA,NA
"1814",NA,NA,NA,NA
"1815",NA,NA,NA,NA
"1816",NA,NA,NA,NA
"1817",NA,NA,NA,NA
"1818",NA,NA,NA,NA
"1819",NA,NA,NA,NA
"1820",NA,NA,NA,NA
"1821",NA,NA,NA,NA
"1822",NA,NA,NA,NA
"1823",NA,NA,NA,NA
"1824",NA,NA,NA,NA
"1825",NA,NA,NA,NA
"1826",NA,NA,NA,NA
"1827",NA,NA,NA,NA
"1828",NA,NA,NA,NA
"1829",NA,NA,NA,NA
"1830",NA,NA,NA,NA
"1831",NA,NA,NA,NA
"1832",NA,NA,NA,NA
"1833",NA,NA,NA,NA
"1834",NA,NA,NA,NA
"1835",NA,NA,NA,NA
"1836",NA,NA,NA,NA
"1837",NA,NA,NA,NA
"1838",NA,NA,NA,NA
"1839",NA,NA,NA,NA
"1840",NA,NA,NA,NA
"1841",NA,NA,NA,NA
"1842",NA,NA,NA,NA
"1843",NA,NA,NA,NA
"1844",NA,NA,NA,NA
"1845",NA,NA,NA,NA
"1846",NA,NA,NA,NA
"1847",NA,NA,NA,NA
"1848",NA,NA,NA,NA
"1849",NA,NA,NA,NA
"1850",NA,NA,NA,NA
"1851",NA,NA,NA,NA
"1852",NA,NA,NA,NA
"1853",NA,NA,NA,NA
"1854",NA,NA,NA,NA
"1855",NA,NA,NA,NA
"1856",NA,NA,NA,NA
"1857",NA,NA,NA,NA
"1858",NA,NA,NA,NA
"1859",NA,NA,NA,NA
"1860",NA,NA,NA,NA
"1861",NA,NA,NA,NA
"1862",NA,NA,NA,NA
"1863",NA,NA,NA,NA
"1864",NA,NA,NA,NA
"1865",NA,NA,NA,NA
"1866",NA,NA,NA,NA
"1867",NA,NA,NA,NA
"1868",NA,NA,NA,NA
"1869",NA,NA,NA,NA
"1870",NA,NA,NA,NA
"1871",NA,NA,NA,NA
"1872",NA,NA,NA,NA
"1873",NA,NA,NA,NA
"1874",NA,NA,NA,NA
"1875",NA,NA,NA,NA
"1876",NA,NA,NA,NA
"1877",NA,NA,NA,NA
"1878",NA,NA,NA,NA
"1879",NA,NA,NA,NA
"1880",NA,NA,NA,NA
"1881",NA,NA,NA,NA
"1882",NA,NA,NA,NA
"1883",NA,NA,NA,NA
"1884",NA,NA,NA,NA
"1885",NA,NA,NA,NA
"1886",NA,NA,NA,NA
"1887",NA,NA,NA,NA
"1888",NA,NA,NA,NA
"1889",NA,NA,NA,NA
"1890",NA,NA,NA,NA
"1891",NA,NA,NA,NA
"1892",NA,NA,NA,NA
"1893",NA,NA,NA,NA
"1894",NA,NA,NA,NA
"1895",NA,NA,NA,NA
"1896",NA,NA,NA,NA
"1897",NA,NA,NA,NA
"1898",NA,NA,NA,NA
"1899",NA,NA,NA,NA
"1900",NA,NA,NA,NA
"1901",NA,NA,NA,NA
"1902",NA,NA,NA,NA
"1903",NA,NA,NA,NA
"1904",NA,NA,NA,NA
"1905",NA,NA,NA,NA
"1906",NA,NA,NA,NA
"1907",NA,NA,NA,NA
"1908",NA,NA,NA,NA
"1909",NA,NA,NA,NA
"1910",NA,NA,NA,NA
"1911",NA,NA,NA,NA
"1912",NA,NA,NA,NA
"1913",NA,NA,NA,NA
"1914",NA,NA,NA,NA
"1915",NA,NA,NA,NA
"1916",NA,NA,NA,NA
"1917",NA,NA,NA,NA
"1918",NA,NA,NA,NA
"1919",NA,NA,NA,NA
"1920",NA,NA,NA,NA
