"","Temp.C","temp.Cat","trial","treatment","genotype","fragment.ID","individual.ID","rate.type","umol.cm2.hr"
"1",26.411042815,27,2706,"T1","K2","K201a","K201","NP",0.520482356
"2",26.285931415,28,2801,"T1","K2","K201a","K201","NP",0.60623535
"3",26.442051465,29,2903,"T1","K2","K201a","K201","NP",0.79965963
"4",26.34798866,30,3004,"T1","K2","K201a","K201","NP",0.394626224
"5",26.40792688,31,3106,"T1","K2","K201a","K201","NP",0.435968512
"6",26.495725565,32,3202,"T1","K2","K201a","K201","NP",0.822977388
"7",26.427346165,33,3303,"T1","K2","K201a","K201","NP",0.536844339
"8",26.42070666,34,3405,"T1","K2","K201a","K201","NP",-0.006601794
"9",26.418751425,27,2703,"T1","K2","K201b","K201","NP",0.481147207
"10",26.454835115,28,2805,"T1","K2","K201b","K201","NP",0.457487706
"11",26.296779,29,2906,"T1","K2","K201b","K201","NP",0.427055455
"12",26.486800255,30,3002,"T1","K2","K201b","K201","NP",0.59897396
"13",26.35641924,31,3104,"T1","K2","K201b","K201","NP",0.708926433
"14",26.23352487,32,3205,"T1","K2","K201b","K201","NP",0.546302922
"15",26.40047864,33,3301,"T1","K2","K201b","K201","NP",0.692069748
"16",26.26095583,34,3402,"T1","K2","K201b","K201","NP",0.265973256
"17",26.396846925,27,2701,"T1","K2","K201c","K201","NP",0.583397576
"18",26.40850227,28,2803,"T1","K2","K201c","K201","NP",0.639783272
"19",26.28914571,29,2904,"T1","K2","K201c","K201","NP",0.756835841
"20",26.22156436,30,3006,"T1","K2","K201c","K201","NP",0.116186128
"21",26.32101657,31,3102,"T1","K2","K201c","K201","NP",0.812877518
"22",26.438263855,32,3203,"T1","K2","K201c","K201","NP",0.756212139
"23",26.31917945,33,3305,"T1","K2","K201c","K201","NP",0.362600103
"24",26.422506205,34,3406,"T1","K2","K201c","K201","NP",-0.056257118
"25",26.425956665,27,2704,"T1","K2","K201d","K201","NP",0.447177564
"26",26.424582585,28,2805,"T1","K2","K201d","K201","NP",0.514310567
"27",26.464896135,29,2901,"T1","K2","K201d","K201","NP",0.813589139
"28",26.344990565,30,3002,"T1","K2","K201d","K201","NP",0.686552121
"29",26.33136031,31,3104,"T1","K2","K201d","K201","NP",0.759243396
"30",26.34300791,32,3206,"T1","K2","K201d","K201","NP",0.338141485
"31",26.469831565,33,3301,"T1","K2","K201d","K201","NP",0.735361045
"32",26.27403809,34,3403,"T1","K2","K201d","K201","NP",0.269043734
"33",26.31821738,27,2706,"T2","K2","K202a","K202","NP",0.478448692
"34",26.40407251,28,2801,"T2","K2","K202a","K202","NP",0.608312936
"35",26.456289475,29,2903,"T2","K2","K202a","K202","NP",0.761988362
"36",26.46780414,30,3004,"T2","K2","K202a","K202","NP",0.326908851
"37",26.378185845,31,3106,"T2","K2","K202a","K202","NP",0.512806754
"38",26.36363632,32,3202,"T2","K2","K202a","K202","NP",0.890858887
"39",26.34473143,33,3303,"T2","K2","K202a","K202","NP",0.620634752
"40",26.41858541,34,3405,"T2","K2","K202a","K202","NP",0.106518661
"41",26.417124825,27,2704,"T2","K2","K202b","K202","NP",0.483261684
"42",26.435232395,28,2806,"T2","K2","K202b","K202","NP",0.440827126
"43",26.33052757,29,2901,"T2","K2","K202b","K202","NP",0.691407684
"44",26.35410647,30,3003,"T2","K2","K202b","K202","NP",0.447253867
"45",26.34727936,31,3105,"T2","K2","K202b","K202","NP",0.582381139
"46",26.288387995,32,3206,"T2","K2","K202b","K202","NP",0.111976779
"47",26.28127358,33,3302,"T2","K2","K202b","K202","NP",0.334285063
"48",26.37220693,34,3403,"T2","K2","K202b","K202","NP",-0.023890271
"49",27.0920342,27,2703,"T2","K2","K202c","K202","NP",0.490611458
"50",27.124964555,28,2804,"T2","K2","K202c","K202","NP",0.539924161
"51",27.165666485,29,2906,"T2","K2","K202c","K202","NP",0.445339415
"52",27.17359155,30,3001,"T2","K2","K202c","K202","NP",0.573473959
"53",27.180141105,31,3103,"T2","K2","K202c","K202","NP",0.73408158
"54",27.05098725,32,3205,"T2","K2","K202c","K202","NP",0.590550272
"55",27.13296287,33,3306,"T2","K2","K202c","K202","NP",0.324003956
"56",27.179737005,34,3402,"T2","K2","K202c","K202","NP",0.149617785
"57",26.975087165,27,2705,"T2","K2","K202d","K202","NP",0.594449057
"58",27.165024415,28,2806,"T2","K2","K202d","K202","NP",0.511195981
"59",27.00744033,29,2902,"T2","K2","K202d","K202","NP",0.687692894
"60",27.145403925,30,3003,"T2","K2","K202d","K202","NP",0.516028599
"61",27.227113125,31,3105,"T2","K2","K202d","K202","NP",0.623119808
"62",27.162567765,32,3201,"T2","K2","K202d","K202","NP",0.79010096
"63",27.163459615,33,3302,"T2","K2","K202d","K202","NP",0.377156011
"64",27.127776235,34,3404,"T2","K2","K202d","K202","NP",-0.111120121
"65",27.29955911,27,2702,"T3","K2","K203a","K203","NP",0.461614113
"66",27.186243905,28,2803,"T3","K2","K203a","K203","NP",0.49711596
"67",27.17924261,29,2905,"T3","K2","K203a","K203","NP",0.677886359
"68",27.169694225,30,3006,"T3","K2","K203a","K203","NP",0.029473732
"69",27.1069083,31,3102,"T3","K2","K203a","K203","NP",0.798176826
"70",27.14101971,32,3204,"T3","K2","K203a","K203","NP",0.541939745
"71",27.10547157,33,3305,"T3","K2","K203a","K203","NP",0.222491971
"72",27.090344775,34,3401,"T3","K2","K203a","K203","NP",-0.080221642
"73",27.09397208,27,2701,"T3","K2","K203b","K203","NP",0.58934919
"74",27.11799962,28,2802,"T3","K2","K203b","K203","NP",0.670793149
"75",27.13402059,29,2904,"T3","K2","K203b","K203","NP",0.64494678
"76",27.065994815,30,3005,"T3","K2","K203b","K203","NP",0.196096297
"77",27.149023385,31,3101,"T3","K2","K203b","K203","NP",0.889417074
"78",27.121660575,32,3203,"T3","K2","K203b","K203","NP",0.801142963
"79",27.23054577,33,3304,"T3","K2","K203b","K203","NP",0.317478661
"80",27.16448477,34,3406,"T3","K2","K203b","K203","NP",-0.1203268
"81",27.339594945,27,2703,"T3","K2","K203c","K203","NP",0.503687259
"82",27.24467001,28,2805,"T3","K2","K203c","K203","NP",0.492211558
"83",27.258134545,29,2906,"T3","K2","K203c","K203","NP",0.405916652
"84",27.279009185,30,3002,"T3","K2","K203c","K203","NP",0.615865111
"85",27.273974625,31,3104,"T3","K2","K203c","K203","NP",0.702103997
"86",27.3247067,32,3205,"T3","K2","K203c","K203","NP",0.38658217
"87",27.32596311,33,3301,"T3","K2","K203c","K203","NP",0.554299055
"88",27.359169065,34,3402,"T3","K2","K203c","K203","NP",0.034506643
"89",27.23612863,27,2704,"T3","K2","K203d","K203","NP",0.469605179
"90",27.353807655,28,2805,"T3","K2","K203d","K203","NP",0.441524342
"91",27.25999852,29,2901,"T3","K2","K203d","K203","NP",0.775558643
"92",27.218260735,30,3002,"T3","K2","K203d","K203","NP",0.507489731
"93",27.204587715,31,3104,"T3","K2","K203d","K203","NP",0.613312348
"94",27.243026655,32,3206,"T3","K2","K203d","K203","NP",0.140629936
"95",27.285461115,33,3301,"T3","K2","K203d","K203","NP",0.50928401
"96",27.176283505,34,3403,"T3","K2","K203d","K203","NP",-0.010263858
"97",28.31235991,27,2704,"C","K2","K20Ca","K20C","NP",0.526807765
"98",28.33710049,28,2806,"C","K2","K20Ca","K20C","NP",0.472132129
"99",28.31459938,29,2901,"C","K2","K20Ca","K20C","NP",0.788635596
"100",28.342707765,30,3003,"C","K2","K20Ca","K20C","NP",0.555997366
"101",28.234722805,31,3105,"C","K2","K20Ca","K20C","NP",0.746269352
"102",28.191228825,32,3206,"C","K2","K20Ca","K20C","NP",0.317097806
"103",28.274152915,33,3302,"C","K2","K20Ca","K20C","NP",0.546151244
"104",28.27707261,34,3403,"C","K2","K20Ca","K20C","NP",0.060195804
"105",28.56827493,27,2703,"C","K2","K20Cb","K20C","NP",0.478908108
"106",28.459557645,28,2804,"C","K2","K20Cb","K20C","NP",0.428283689
"107",28.520001985,29,2906,"C","K2","K20Cb","K20C","NP",0.321501228
"108",28.44536375,30,3001,"C","K2","K20Cb","K20C","NP",0.582223864
"109",28.556070815,31,3103,"C","K2","K20Cb","K20C","NP",0.556547559
"110",28.412209935,32,3205,"C","K2","K20Cb","K20C","NP",0.29968178
"111",28.492968995,33,3306,"C","K2","K20Cb","K20C","NP",0.015784834
"112",28.46833655,34,3402,"C","K2","K20Cb","K20C","NP",-0.127341334
"113",28.40618909,27,2702,"C","K2","K20Cc","K20C","NP",0.541423676
"114",28.30339574,28,2803,"C","K2","K20Cc","K20C","NP",0.578997298
"115",28.31938321,29,2905,"C","K2","K20Cc","K20C","NP",0.681327567
"116",28.362135585,30,3006,"C","K2","K20Cc","K20C","NP",0.145066108
"117",28.3960556,31,3102,"C","K2","K20Cc","K20C","NP",0.823190951
"118",28.3685016,32,3205,"C","K2","K20Cc","K20C","NP",0.697414397
"119",28.40048862,33,3305,"C","K2","K20Cc","K20C","NP",0.425382232
"120",28.682850655,34,3401,"C","K2","K20Cc","K20C","NP",0.085651517
"121",28.51200627,27,2703,"C","K2","K20Cd","K20C","NP",0.494823704
"122",28.527113365,28,2805,"C","K2","K20Cd","K20C","NP",0.512075992
"123",28.50222913,29,2906,"C","K2","K20Cd","K20C","NP",0.408620437
"124",28.533099845,30,3002,"C","K2","K20Cd","K20C","NP",0.708502079
"125",28.6132263,31,3104,"C","K2","K20Cd","K20C","NP",0.682690794
"126",28.56478412,32,3205,"C","K2","K20Cd","K20C","NP",0.420608312
"127",28.55228898,33,3301,"C","K2","K20Cd","K20C","NP",0.430123297
"128",28.580479615,34,3402,"C","K2","K20Cd","K20C","NP",-0.010123162
"129",28.307436125,27,2706,"T1","M5","M501a","M501","NP",0.311625063
"130",28.3534906,28,2802,"T1","M5","M501a","M501","NP",0.45297449
"131",28.355797165,29,2903,"T1","M5","M501a","M501","NP",0.637241792
"132",28.30045088,30,3005,"T1","M5","M501a","M501","NP",0.072467725
"133",28.291902645,31,3101,"T1","M5","M501a","M501","NP",0.74702389
"134",28.36586251,32,3202,"T1","M5","M501a","M501","NP",0.644562632
"135",28.351356005,33,3304,"T1","M5","M501a","M501","NP",0.381477446
"136",28.24670015,34,3405,"T1","M5","M501a","M501","NP",-0.008204322
"137",28.18807588,27,2702,"T1","M5","M501b","M501","NP",0.432881663
"138",28.22796757,28,2803,"T1","M5","M501b","M501","NP",0.513676693
"139",28.25493998,29,2905,"T1","M5","M501b","M501","NP",0.667922784
"140",28.290074385,30,3006,"T1","M5","M501b","M501","NP",-0.008220228
"141",28.15756277,31,3102,"T1","M5","M501b","M501","NP",0.696744297
"142",28.11676352,32,3204,"T1","M5","M501b","M501","NP",0.588120586
"143",28.21753066,33,3305,"T1","M5","M501b","M501","NP",0.389762275
"144",28.20249505,34,3401,"T1","M5","M501b","M501","NP",0.061137744
"145",29.073833715,27,2702,"T1","M5","M501c","M501","NP",0.505616919
"146",29.15970212,28,2804,"T1","M5","M501c","M501","NP",0.543313297
"147",29.13200379,29,2905,"T1","M5","M501c","M501","NP",0.669045403
"148",29.14650744,30,3001,"T1","M5","M501c","M501","NP",0.632229337
"149",29.05561506,31,3103,"T1","M5","M501c","M501","NP",0.680406838
"150",29.091817605,32,3204,"T1","M5","M501c","M501","NP",0.591444694
"151",29.02703657,33,3306,"T1","M5","M501c","M501","NP",0.127482643
"152",28.91211814,34,3401,"T1","M5","M501c","M501","NP",0.109103748
"153",29.377231155,27,2703,"T1","M5","M501d","M501","NP",0.504942286
"154",29.540651855,28,2804,"T1","M5","M501d","M501","NP",0.569090164
"155",29.44993647,29,2906,"T1","M5","M501d","M501","NP",0.396243737
"156",29.403191795,30,3001,"T1","M5","M501d","M501","NP",0.625606503
"157",29.355126915,31,3103,"T1","M5","M501d","M501","NP",0.754635167
"158",29.364475595,32,3205,"T1","M5","M501d","M501","NP",0.369882505
"159",29.36887439,33,3306,"T1","M5","M501d","M501","NP",0.123518503
"160",29.387112545,34,3402,"T1","M5","M501d","M501","NP",0.058210596
"161",29.333946675,27,2704,"T2","M5","M502a","M502","NP",0.397746029
"162",29.287617625,28,2805,"T2","M5","M502a","M502","NP",0.386386071
"163",29.25560508,29,2901,"T2","M5","M502a","M502","NP",0.662790281
"164",29.35411946,30,3002,"T2","M5","M502a","M502","NP",0.418417475
"165",29.251682385,31,3104,"T2","M5","M502a","M502","NP",0.571931067
"166",29.339921555,32,3206,"T2","M5","M502a","M502","NP",0.047053031
"167",29.36095908,33,3301,"T2","M5","M502a","M502","NP",0.429258256
"168",29.270233765,34,3403,"T2","M5","M502a","M502","NP",-0.065071843
"169",29.261579115,27,2702,"T2","M5","M502b","M502","NP",0.493610155
"170",29.381689145,28,2803,"T2","M5","M502b","M502","NP",0.507846081
"171",29.38091948,29,2905,"T2","M5","M502b","M502","NP",0.610355362
"172",29.35088597,30,3006,"T2","M5","M502b","M502","NP",-0.025463959
"173",29.310996065,31,3102,"T2","M5","M502b","M502","NP",0.580880973
"174",29.24302975,32,3204,"T2","M5","M502b","M502","NP",0.498664582
"175",29.306745865,33,3305,"T2","M5","M502b","M502","NP",0.226818888
"176",29.252750945,34,3401,"T2","M5","M502b","M502","NP",-0.029954489
"177",29.26259676,27,2701,"T2","M5","M502c","M502","NP",0.351106228
"178",29.27355659,28,2802,"T2","M5","M502c","M502","NP",0.418081082
"179",29.238498395,29,2904,"T2","M5","M502c","M502","NP",0.51002303
"180",29.318144085,30,3005,"T2","M5","M502c","M502","NP",0.028381789
"181",29.310961425,31,3101,"T2","M5","M502c","M502","NP",0.587121123
"182",29.212063775,32,3203,"T2","M5","M502c","M502","NP",0.5186908
"183",29.17911644,33,3304,"T2","M5","M502c","M502","NP",0.233827418
"184",29.193431445,34,3406,"T2","M5","M502c","M502","NP",-0.086808818
"185",29.46546559,27,2702,"T2","M5","M502d","M502","NP",0.438371543
"186",29.337882505,28,2804,"T2","M5","M502d","M502","NP",0.469365737
"187",29.440479595,29,2905,"T2","M5","M502d","M502","NP",0.519744473
"188",29.40697218,30,3001,"T2","M5","M502d","M502","NP",0.516401294
"189",29.47974485,31,3103,"T2","M5","M502d","M502","NP",0.621342476
"190",29.32747792,32,3204,"T2","M5","M502d","M502","NP",0.522994125
"191",29.406105945,33,3306,"T2","M5","M502d","M502","NP",0.030067891
"192",29.510334855,34,3401,"T2","M5","M502d","M502","NP",-0.002809706
"193",30.500038895,27,2701,"T3","M5","M503a","M503","NP",0.433606941
"194",30.477991635,28,2803,"T3","M5","M503a","M503","NP",0.436030083
"195",30.377063855,29,2904,"T3","M5","M503a","M503","NP",0.520804049
"196",30.371860885,30,3006,"T3","M5","M503a","M503","NP",-0.021313481
"197",30.28939975,31,3102,"T3","M5","M503a","M503","NP",0.565551199
"198",30.423050125,32,3203,"T3","M5","M503a","M503","NP",0.552499856
"199",30.402037195,33,3305,"T3","M5","M503a","M503","NP",0.288511901
"200",30.36028088,34,3406,"T3","M5","M503a","M503","NP",-0.101919289
"201",30.5620949,27,2703,"T3","M5","M503b","M503","NP",0.37368746
"202",30.471864465,28,2804,"T3","M5","M503b","M503","NP",0.409541797
"203",30.50375077,29,2906,"T3","M5","M503b","M503","NP",0.236302659
"204",30.48170673,30,3001,"T3","M5","M503b","M503","NP",0.553732052
"205",30.29375416,31,3103,"T3","M5","M503b","M503","NP",0.504316253
"206",30.32059529,32,3205,"T3","M5","M503b","M503","NP",0.367637824
"207",30.425420885,33,3306,"T3","M5","M503b","M503","NP",0.063920007
"208",30.315561155,34,3402,"T3","M5","M503b","M503","NP",-0.042293565
"209",30.52681377,27,2705,"T3","M5","M503c","M503","NP",0.366383002
"210",30.16835582,28,2806,"T3","M5","M503c","M503","NP",0.352885463
"211",30.43520691,29,2902,"T3","M5","M503c","M503","NP",0.592344049
"212",30.46932537,30,3003,"T3","M5","M503c","M503","NP",0.331333572
"213",30.21551191,31,3105,"T3","M5","M503c","M503","NP",0.369914339
"214",30.42712498,32,3201,"T3","M5","M503c","M503","NP",0.648448583
"215",30.57888932,33,3302,"T3","M5","M503c","M503","NP",0.433282699
"216",30.43314977,34,3404,"T3","M5","M503c","M503","NP",0.00633777
"217",30.173532345,27,2705,"T3","M5","M503d","M503","NP",0.442347248
"218",29.985407325,28,2801,"T3","M5","M503d","M503","NP",0.434192761
"219",30.074466325,29,2902,"T3","M5","M503d","M503","NP",0.692394962
"220",30.17272712,30,3004,"T3","M5","M503d","M503","NP",0.136741981
"221",30.11139117,31,3106,"T3","M5","M503d","M503","NP",0.201043457
"222",29.930606265,32,3201,"T3","M5","M503d","M503","NP",0.677977658
"223",29.995470735,33,3303,"T3","M5","M503d","M503","NP",0.483561738
"224",30.033215805,34,3404,"T3","M5","M503d","M503","NP",-0.037806895
"225",30.06650846,27,2705,"C","M5","M50Ca","M50C","NP",0.507261315
"226",29.92754295,28,2806,"C","M5","M50Ca","M50C","NP",0.375936373
"227",30.04331947,29,2902,"C","M5","M50Ca","M50C","NP",0.7936087
"228",29.948496655,30,3003,"C","M5","M50Ca","M50C","NP",0.464101841
"229",30.12288274,31,3105,"C","M5","M50Ca","M50C","NP",0.539487264
"230",30.12511244,32,3201,"C","M5","M50Ca","M50C","NP",0.701562883
"231",30.007358035,33,3302,"C","M5","M50Ca","M50C","NP",0.50218594
"232",30.12240435,34,3404,"C","M5","M50Ca","M50C","NP",-0.097455834
"233",30.0503049,27,2702,"C","M5","M50Cb","M50C","NP",0.431796645
"234",30.02434929,28,2804,"C","M5","M50Cb","M50C","NP",0.526263364
"235",30.06914109,29,2905,"C","M5","M50Cb","M50C","NP",0.601325205
"236",29.99665551,30,3001,"C","M5","M50Cb","M50C","NP",0.609210658
"237",30.07060262,31,3103,"C","M5","M50Cb","M50C","NP",0.67701952
"238",29.968110165,32,3204,"C","M5","M50Cb","M50C","NP",0.612200139
"239",29.92916213,33,3306,"C","M5","M50Cb","M50C","NP",-0.013956518
"240",30.050941335,34,3401,"C","M5","M50Cb","M50C","NP",0.011106169
"241",31.455521715,27,2701,"C","M5","M50Cc","M50C","NP",0.427326728
"242",31.294172455,28,2802,"C","M5","M50Cc","M50C","NP",0.548960592
"243",31.407467295,29,2904,"C","M5","M50Cc","M50C","NP",0.584079465
"244",31.34936934,30,3005,"C","M5","M50Cc","M50C","NP",0.073051235
"245",31.379657755,31,3101,"C","M5","M50Cc","M50C","NP",0.774499912
"246",31.33998551,32,3203,"C","M5","M50Cc","M50C","NP",0.632548777
"247",31.21168916,33,3304,"C","M5","M50Cc","M50C","NP",0.324024573
"248",31.225473765,34,3406,"C","M5","M50Cc","M50C","NP",-0.135236967
"249",31.44194396,27,2701,"C","M5","M50Cd","M50C","NP",1.863015459
"250",31.439874745,28,2803,"C","M5","M50Cd","M50C","NP",2.333354827
"251",31.36961761,29,2904,"C","M5","M50Cd","M50C","NP",2.755367819
"252",31.321017275,30,3006,"C","M5","M50Cd","M50C","NP",-0.163165618
"253",31.33250309,31,3102,"C","M5","M50Cd","M50C","NP",2.67079689
"254",31.37693176,32,3203,"C","M5","M50Cd","M50C","NP",2.702791383
"255",31.38428689,33,3305,"C","M5","M50Cd","M50C","NP",1.215445033
"256",31.471049585,34,3407,"C","M5","M50Cd","M50C","NP",-0.276558838
"257",31.435326005,27,2705,"T1","M6","M601a","M601","NP",0.460270626
"258",31.31575227,28,2806,"T1","M6","M601a","M601","NP",0.397767749
"259",31.28169072,29,2902,"T1","M6","M601a","M601","NP",0.681685245
"260",31.390963795,30,3003,"T1","M6","M601a","M601","NP",0.476281139
"261",31.2608723,31,3105,"T1","M6","M601a","M601","NP",0.648317849
"262",31.33674537,32,3201,"T1","M6","M601a","M601","NP",0.933385621
"263",31.36257244,33,3302,"T1","M6","M601a","M601","NP",0.548722648
"264",31.320709565,34,3404,"T1","M6","M601a","M601","NP",0.150926778
"265",31.41614239,27,2701,"T1","M6","M601b","M601","NP",0.663930939
"266",31.288192515,28,2802,"T1","M6","M601b","M601","NP",0.751172284
"267",31.31369879,29,2904,"T1","M6","M601b","M601","NP",0.84386732
"268",31.286240605,30,3005,"T1","M6","M601b","M601","NP",0.191654648
"269",31.229983105,31,3101,"T1","M6","M601b","M601","NP",0.965872211
"270",31.238778995,32,3203,"T1","M6","M601b","M601","NP",0.863433541
"271",31.256068605,33,3304,"T1","M6","M601b","M601","NP",0.443292774
"272",31.235567175,34,3406,"T1","M6","M601b","M601","NP",-0.115837454
"273",31.321951975,27,2704,"T1","M6","M601c","M601","NP",0.544063104
"274",31.252267745,28,2806,"T1","M6","M601c","M601","NP",0.440438456
"275",31.316854405,29,2901,"T1","M6","M601c","M601","NP",0.96023634
"276",31.32580415,30,3003,"T1","M6","M601c","M601","NP",0.518347571
"277",31.363457575,31,3105,"T1","M6","M601c","M601","NP",0.680128127
"278",31.21954279,32,3206,"T1","M6","M601c","M601","NP",0.130609466
"279",31.419540525,33,3302,"T1","M6","M601c","M601","NP",0.419443791
"280",31.421600225,34,3403,"T1","M6","M601c","M601","NP",0.086752982
"281",31.336803295,27,2705,"T1","M6","M601d","M601","NP",0.488190034
"282",31.297544525,28,2801,"T1","M6","M601d","M601","NP",0.525021387
"283",31.33400728,29,2902,"T1","M6","M601d","M601","NP",0.755850897
"284",31.294099475,30,3004,"T1","M6","M601d","M601","NP",0.232654073
"285",31.389877075,31,3106,"T1","M6","M601d","M601","NP",0.431459376
"286",31.19768445,32,3201,"T1","M6","M601d","M601","NP",0.737366309
"287",31.313615665,33,3303,"T1","M6","M601d","M601","NP",0.467501159
"288",31.35893987,34,3404,"T1","M6","M601d","M601","NP",0.022030405
"289",32.58202413,27,2701,"T2","M6","M602a","M602","NP",0.4099111
"290",32.555130425,28,2803,"T2","M6","M602a","M602","NP",0.524480107
"291",32.522805715,29,2904,"T2","M6","M602a","M602","NP",0.531648215
"292",32.432220355,30,3006,"T2","M6","M602a","M602","NP",0.043718913
"293",32.53686138,31,3102,"T2","M6","M602a","M602","NP",0.661247815
"294",32.45448318,32,3203,"T2","M6","M602a","M602","NP",0.550126205
"295",32.40641242,33,3305,"T2","M6","M602a","M602","NP",0.21940574
"296",32.40609059,34,3406,"T2","M6","M602a","M602","NP",-0.111797858
"297",32.53658879,27,2706,"T2","M6","M602b","M602","NP",0.320793372
"298",32.48985324,28,2802,"T2","M6","M602b","M602","NP",0.444140244
"299",32.54473889,29,2903,"T2","M6","M602b","M602","NP",0.569412779
"300",32.46202605,30,3005,"T2","M6","M602b","M602","NP",0.15570674
"301",32.404944755,31,3101,"T2","M6","M602b","M602","NP",0.698312837
"302",32.376713815,32,3202,"T2","M6","M602b","M602","NP",0.60844622
"303",32.55712422,33,3304,"T2","M6","M602b","M602","NP",0.268622065
"304",32.479852835,34,3405,"T2","M6","M602b","M602","NP",-0.072364035
"305",32.53213633,27,2705,"T2","M6","M602c","M602","NP",0.524468917
"306",32.328447755,28,2801,"T2","M6","M602c","M602","NP",0.527592025
"307",32.51233687,29,2902,"T2","M6","M602c","M602","NP",0.567319751
"308",32.466736915,30,3004,"T2","M6","M602c","M602","NP",0.158441065
"309",32.325335055,31,3106,"T2","M6","M602c","M602","NP",0.259948792
"310",32.505297345,32,3201,"T2","M6","M602c","M602","NP",0.669730716
"311",32.47950288,33,3303,"T2","M6","M602c","M602","NP",0.225675095
"312",32.419153505,34,3404,"T2","M6","M602c","M602","NP",-0.207233688
"313",32.386175265,27,2703,"T2","M6","M602d","M602","NP",0.468997047
"314",32.39670963,28,2805,"T2","M6","M602d","M602","NP",0.45039183
"315",32.40149262,29,2906,"T2","M6","M602d","M602","NP",0.342280445
"316",32.45038575,30,3002,"T2","M6","M602d","M602","NP",0.575597198
"317",32.339457395,31,3104,"T2","M6","M602d","M602","NP",0.681706234
"318",32.342868145,32,3205,"T2","M6","M602d","M602","NP",0.396382874
"319",32.447311195,33,3301,"T2","M6","M602d","M602","NP",0.362019086
"320",32.413366325,34,3402,"T2","M6","M602d","M602","NP",-0.13749772
"321",32.37944494,27,2704,"T3","M6","M603a","M603","NP",0.529891265
"322",32.44435799,28,2806,"T3","M6","M603a","M603","NP",0.421861051
"323",32.462226215,29,2901,"T3","M6","M603a","M603","NP",0.732565871
"324",32.47530242,30,3003,"T3","M6","M603a","M603","NP",0.495055932
"325",32.388508985,31,3105,"T3","M6","M603a","M603","NP",0.580049599
"326",32.38730723,32,3206,"T3","M6","M603a","M603","NP",0.183834891
"327",32.456493975,33,3302,"T3","M6","M603a","M603","NP",0.391157229
"328",32.31831103,34,3403,"T3","M6","M603a","M603","NP",-0.013687418
"329",32.55467974,27,2706,"T3","M6","M603b","M603","NP",0.346260188
"330",32.496222465,28,2801,"T3","M6","M603b","M603","NP",0.399228655
"331",32.37126328,29,2903,"T3","M6","M603b","M603","NP",0.525040005
"332",32.56344148,30,3004,"T3","M6","M603b","M603","NP",0.134739179
"333",32.519777345,31,3106,"T3","M6","M603b","M603","NP",0.269718375
"334",32.480980655,32,3202,"T3","M6","M603b","M603","NP",0.68298272
"335",32.28836503,33,3303,"T3","M6","M603b","M603","NP",0.39838894
"336",32.48209671,34,3405,"T3","M6","M603b","M603","NP",-0.023920108
"337",33.12116363,27,2706,"T3","M6","M603c","M603","NP",0.355377965
"338",33.08150393,28,2802,"T3","M6","M603c","M603","NP",0.47875776
"339",33.015058935,29,2903,"T3","M6","M603c","M603","NP",0.574902865
"340",33.036622965,30,3005,"T3","M6","M603c","M603","NP",0.09999568
"341",33.05494463,31,3101,"T3","M6","M603c","M603","NP",0.628152204
"342",33.083059005,32,3202,"T3","M6","M603c","M603","NP",0.672236238
"343",33.174922625,33,3304,"T3","M6","M603c","M603","NP",0.339829025
"344",32.98174191,34,3405,"T3","M6","M603c","M603","NP",-0.119678574
"345",33.226481185,27,2702,"T3","M6","M603d","M603","NP",0.509121838
"346",33.203642755,28,2804,"T3","M6","M603d","M603","NP",0.584014477
"347",33.158120295,29,2905,"T3","M6","M603d","M603","NP",0.609857928
"348",33.013744635,30,3001,"T3","M6","M603d","M603","NP",0.732579815
"349",33.117356915,31,3103,"T3","M6","M603d","M603","NP",0.802720684
"350",33.008670785,32,3204,"T3","M6","M603d","M603","NP",0.684860872
"351",33.00910734,33,3306,"T3","M6","M603d","M603","NP",0.186939306
"352",33.12987064,34,3401,"T3","M6","M603d","M603","NP",-0.043242649
"353",33.27791239,27,2706,"C","M6","M60Ca","M60C","NP",0.352355268
"354",33.17628505,28,2802,"C","M6","M60Ca","M60C","NP",0.53350169
"355",33.11838559,29,2903,"C","M6","M60Ca","M60C","NP",0.601766607
"356",33.141422645,30,3005,"C","M6","M60Ca","M60C","NP",0.122368107
"357",33.234129785,31,3101,"C","M6","M60Ca","M60C","NP",0.759320086
"358",33.12939257,32,3202,"C","M6","M60Ca","M60C","NP",0.684099618
"359",33.21998648,33,3304,"C","M6","M60Ca","M60C","NP",0.220361593
"360",33.180355475,34,3405,"C","M6","M60Ca","M60C","NP",-0.121755419
"361",33.11741915,27,2704,"C","M6","M60Cb","M60C","NP",0.494462715
"362",33.13844721,28,2805,"C","M6","M60Cb","M60C","NP",0.433817137
"363",33.26058838,29,2901,"C","M6","M60Cb","M60C","NP",0.629119788
"364",33.179211335,30,3002,"C","M6","M60Cb","M60C","NP",0.528071937
"365",33.230027065,31,3104,"C","M6","M60Cb","M60C","NP",0.613756496
"366",33.14598954,32,3206,"C","M6","M60Cb","M60C","NP",0.130665913
"367",33.093841335,33,3301,"C","M6","M60Cb","M60C","NP",0.327425606
"368",33.25299153,34,3403,"C","M6","M60Cb","M60C","NP",0.01870648
"369",32.974775725,27,2706,"C","M6","M60Cc","M60C","NP",0.379942137
"370",33.018056475,28,2801,"C","M6","M60Cc","M60C","NP",0.457770061
"371",33.21034995,29,2903,"C","M6","M60Cc","M60C","NP",0.640090495
"372",33.072978985,30,3004,"C","M6","M60Cc","M60C","NP",0.189320791
"373",33.094313525,31,3106,"C","M6","M60Cc","M60C","NP",0.271801105
"374",33.130887935,32,3202,"C","M6","M60Cc","M60C","NP",0.669022717
"375",33.144474,33,3303,"C","M6","M60Cc","M60C","NP",0.337348472
"376",33.02319064,34,3405,"C","M6","M60Cc","M60C","NP",-0.203860065
"377",33.206904665,27,2705,"C","M6","M60Cd","M60C","NP",0.456488981
"378",33.0637045,28,2801,"C","M6","M60Cd","M60C","NP",0.50509605
"379",33.182787155,29,2902,"C","M6","M60Cd","M60C","NP",0.669910583
"380",33.144113265,30,3004,"C","M6","M60Cd","M60C","NP",0.218887923
"381",33.13343354,31,3106,"C","M6","M60Cd","M60C","NP",0.303254051
"382",32.994130505,32,3201,"C","M6","M60Cd","M60C","NP",0.718655063
"383",33.200718715,33,3303,"C","M6","M60Cd","M60C","NP",0.382716151
"384",33.16693719,34,3404,"C","M6","M60Cd","M60C","NP",-0.088667748
"385",26.411042815,27,2706,"T1","K2","K201a","K201","R",-0.424067001
"386",26.285931415,28,2801,"T1","K2","K201a","K201","R",-0.473975972
"387",26.442051465,29,2903,"T1","K2","K201a","K201","R",-0.450002316
"388",26.34798866,30,3004,"T1","K2","K201a","K201","R",-0.523097009
"389",26.40792688,31,3106,"T1","K2","K201a","K201","R",-0.476526511
"390",26.495725565,32,3202,"T1","K2","K201a","K201","R",-0.575194017
"391",26.427346165,33,3303,"T1","K2","K201a","K201","R",-0.547466828
"392",26.42070666,34,3405,"T1","K2","K201a","K201","R",-0.487635384
"393",26.418751425,27,2703,"T1","K2","K201b","K201","R",-0.440743931
"394",26.454835115,28,2805,"T1","K2","K201b","K201","R",-0.443637932
"395",26.296779,29,2906,"T1","K2","K201b","K201","R",-0.394691561
"396",26.486800255,30,3002,"T1","K2","K201b","K201","R",-0.505252
"397",26.35641924,31,3104,"T1","K2","K201b","K201","R",-0.530401043
"398",26.23352487,32,3205,"T1","K2","K201b","K201","R",-0.461092488
"399",26.40047864,33,3301,"T1","K2","K201b","K201","R",-0.510523342
"400",26.26095583,34,3402,"T1","K2","K201b","K201","R",-0.474471053
"401",26.396846925,27,2701,"T1","K2","K201c","K201","R",-0.406892379
"402",26.40850227,28,2803,"T1","K2","K201c","K201","R",-0.413620773
"403",26.28914571,29,2904,"T1","K2","K201c","K201","R",-0.463098913
"404",26.22156436,30,3006,"T1","K2","K201c","K201","R",-0.462109893
"405",26.32101657,31,3102,"T1","K2","K201c","K201","R",-0.561775774
"406",26.438263855,32,3203,"T1","K2","K201c","K201","R",-0.534684648
"407",26.31917945,33,3305,"T1","K2","K201c","K201","R",-0.478444158
"408",26.422506205,34,3406,"T1","K2","K201c","K201","R",-0.410245911
"409",26.425956665,27,2704,"T1","K2","K201d","K201","R",-0.394142849
"410",26.424582585,28,2805,"T1","K2","K201d","K201","R",-0.482680592
"411",26.464896135,29,2901,"T1","K2","K201d","K201","R",-0.508805347
"412",26.344990565,30,3002,"T1","K2","K201d","K201","R",-0.34841087
"413",26.33136031,31,3104,"T1","K2","K201d","K201","R",-0.566082748
"414",26.34300791,32,3206,"T1","K2","K201d","K201","R",-0.498594861
"415",26.469831565,33,3301,"T1","K2","K201d","K201","R",-0.559392766
"416",26.27403809,34,3403,"T1","K2","K201d","K201","R",-0.405800471
"417",26.31821738,27,2706,"T2","K2","K202a","K202","R",-0.443181796
"418",26.40407251,28,2801,"T2","K2","K202a","K202","R",-0.503080576
"419",26.456289475,29,2903,"T2","K2","K202a","K202","R",-0.472985481
"420",26.46780414,30,3004,"T2","K2","K202a","K202","R",-0.494450185
"421",26.378185845,31,3106,"T2","K2","K202a","K202","R",-0.598064601
"422",26.36363632,32,3202,"T2","K2","K202a","K202","R",-0.548938119
"423",26.34473143,33,3303,"T2","K2","K202a","K202","R",-0.610175146
"424",26.41858541,34,3405,"T2","K2","K202a","K202","R",-0.433758283
"425",26.417124825,27,2704,"T2","K2","K202b","K202","R",-0.364047422
"426",26.435232395,28,2806,"T2","K2","K202b","K202","R",-0.384398009
"427",26.33052757,29,2901,"T2","K2","K202b","K202","R",-0.40509443
"428",26.35410647,30,3003,"T2","K2","K202b","K202","R",-0.469395814
"429",26.34727936,31,3105,"T2","K2","K202b","K202","R",-0.403624115
"430",26.288387995,32,3206,"T2","K2","K202b","K202","R",-0.435413866
"431",26.28127358,33,3302,"T2","K2","K202b","K202","R",-0.467941947
"432",26.37220693,34,3403,"T2","K2","K202b","K202","R",-0.300086504
"433",27.0920342,27,2703,"T2","K2","K202c","K202","R",-0.423085583
"434",27.124964555,28,2804,"T2","K2","K202c","K202","R",-0.403493512
"435",27.165666485,29,2906,"T2","K2","K202c","K202","R",-0.435619121
"436",27.17359155,30,3001,"T2","K2","K202c","K202","R",-0.440319824
"437",27.180141105,31,3103,"T2","K2","K202c","K202","R",-0.588932169
"438",27.05098725,32,3205,"T2","K2","K202c","K202","R",-0.378270484
"439",27.13296287,33,3306,"T2","K2","K202c","K202","R",-0.441669152
"440",27.179737005,34,3402,"T2","K2","K202c","K202","R",-0.390334727
"441",26.975087165,27,2705,"T2","K2","K202d","K202","R",-0.405260448
"442",27.165024415,28,2806,"T2","K2","K202d","K202","R",-0.439298707
"443",27.00744033,29,2902,"T2","K2","K202d","K202","R",-0.469484299
"444",27.145403925,30,3003,"T2","K2","K202d","K202","R",-0.551484029
"445",27.227113125,31,3105,"T2","K2","K202d","K202","R",-0.544795129
"446",27.162567765,32,3201,"T2","K2","K202d","K202","R",-0.585281652
"447",27.163459615,33,3302,"T2","K2","K202d","K202","R",-0.529720277
"448",27.127776235,34,3404,"T2","K2","K202d","K202","R",-0.474521486
"449",27.29955911,27,2702,"T3","K2","K203a","K203","R",-0.387159168
"450",27.186243905,28,2803,"T3","K2","K203a","K203","R",-0.415694306
"451",27.17924261,29,2905,"T3","K2","K203a","K203","R",-0.448665963
"452",27.169694225,30,3006,"T3","K2","K203a","K203","R",-0.531159514
"453",27.1069083,31,3102,"T3","K2","K203a","K203","R",-0.596923415
"454",27.14101971,32,3204,"T3","K2","K203a","K203","R",-0.551773739
"455",27.10547157,33,3305,"T3","K2","K203a","K203","R",-0.45462427
"456",27.090344775,34,3401,"T3","K2","K203a","K203","R",-0.454638324
"457",27.09397208,27,2701,"T3","K2","K203b","K203","R",-0.451576326
"458",27.11799962,28,2802,"T3","K2","K203b","K203","R",-0.53463555
"459",27.13402059,29,2904,"T3","K2","K203b","K203","R",-0.496755169
"460",27.065994815,30,3005,"T3","K2","K203b","K203","R",-0.485659378
"461",27.149023385,31,3101,"T3","K2","K203b","K203","R",-0.617722653
"462",27.121660575,32,3203,"T3","K2","K203b","K203","R",-0.628694881
"463",27.23054577,33,3304,"T3","K2","K203b","K203","R",-0.516299099
"464",27.16448477,34,3406,"T3","K2","K203b","K203","R",-0.416698997
"465",27.339594945,27,2703,"T3","K2","K203c","K203","R",-0.367369444
"466",27.24467001,28,2805,"T3","K2","K203c","K203","R",-0.404040165
"467",27.258134545,29,2906,"T3","K2","K203c","K203","R",-0.383485555
"468",27.279009185,30,3002,"T3","K2","K203c","K203","R",-0.443127223
"469",27.273974625,31,3104,"T3","K2","K203c","K203","R",-0.512757403
"470",27.3247067,32,3205,"T3","K2","K203c","K203","R",-0.462723107
"471",27.32596311,33,3301,"T3","K2","K203c","K203","R",-0.436319711
"472",27.359169065,34,3402,"T3","K2","K203c","K203","R",-0.354136983
"473",27.23612863,27,2704,"T3","K2","K203d","K203","R",-0.325051074
"474",27.353807655,28,2805,"T3","K2","K203d","K203","R",-0.400487029
"475",27.25999852,29,2901,"T3","K2","K203d","K203","R",-0.410143056
"476",27.218260735,30,3002,"T3","K2","K203d","K203","R",-0.445452109
"477",27.204587715,31,3104,"T3","K2","K203d","K203","R",-0.501905922
"478",27.243026655,32,3206,"T3","K2","K203d","K203","R",-0.42276882
"479",27.285461115,33,3301,"T3","K2","K203d","K203","R",-0.510342596
"480",27.176283505,34,3403,"T3","K2","K203d","K203","R",-0.342811607
"481",28.31235991,27,2704,"C","K2","K20Ca","K20C","R",-0.461620614
"482",28.33710049,28,2806,"C","K2","K20Ca","K20C","R",-0.409534086
"483",28.31459938,29,2901,"C","K2","K20Ca","K20C","R",-0.560205271
"484",28.342707765,30,3003,"C","K2","K20Ca","K20C","R",-0.543081201
"485",28.234722805,31,3105,"C","K2","K20Ca","K20C","R",-0.613893551
"486",28.191228825,32,3206,"C","K2","K20Ca","K20C","R",-0.525578608
"487",28.274152915,33,3302,"C","K2","K20Ca","K20C","R",-0.543998097
"488",28.27707261,34,3403,"C","K2","K20Ca","K20C","R",-0.437295512
"489",28.56827493,27,2703,"C","K2","K20Cb","K20C","R",-0.37723661
"490",28.459557645,28,2804,"C","K2","K20Cb","K20C","R",-0.338682718
"491",28.520001985,29,2906,"C","K2","K20Cb","K20C","R",-0.3597349
"492",28.44536375,30,3001,"C","K2","K20Cb","K20C","R",-0.281619789
"493",28.556070815,31,3103,"C","K2","K20Cb","K20C","R",-0.397465612
"494",28.412209935,32,3205,"C","K2","K20Cb","K20C","R",-0.392030535
"495",28.492968995,33,3306,"C","K2","K20Cb","K20C","R",-0.346683799
"496",28.46833655,34,3402,"C","K2","K20Cb","K20C","R",-0.372996834
"497",28.40618909,27,2702,"C","K2","K20Cc","K20C","R",-0.451064475
"498",28.30339574,28,2803,"C","K2","K20Cc","K20C","R",-0.486902896
"499",28.31938321,29,2905,"C","K2","K20Cc","K20C","R",-0.47833235
"500",28.362135585,30,3006,"C","K2","K20Cc","K20C","R",-0.495637947
"501",28.3960556,31,3102,"C","K2","K20Cc","K20C","R",-0.571805985
"502",28.3685016,32,3205,"C","K2","K20Cc","K20C","R",-0.496683465
"503",28.40048862,33,3305,"C","K2","K20Cc","K20C","R",-0.449205613
"504",28.682850655,34,3401,"C","K2","K20Cc","K20C","R",-0.494848359
"505",28.51200627,27,2703,"C","K2","K20Cd","K20C","R",-0.410567711
"506",28.527113365,28,2805,"C","K2","K20Cd","K20C","R",-0.461629496
"507",28.50222913,29,2906,"C","K2","K20Cd","K20C","R",-0.467711726
"508",28.533099845,30,3002,"C","K2","K20Cd","K20C","R",-0.444612632
"509",28.6132263,31,3104,"C","K2","K20Cd","K20C","R",-0.548492235
"510",28.56478412,32,3205,"C","K2","K20Cd","K20C","R",-0.47327414
"511",28.55228898,33,3301,"C","K2","K20Cd","K20C","R",-0.569174158
"512",28.580479615,34,3402,"C","K2","K20Cd","K20C","R",-0.392268138
"513",28.307436125,27,2706,"T1","M5","M501a","M501","R",-0.416538372
"514",28.3534906,28,2802,"T1","M5","M501a","M501","R",-0.49185167
"515",28.355797165,29,2903,"T1","M5","M501a","M501","R",-0.432612298
"516",28.30045088,30,3005,"T1","M5","M501a","M501","R",-0.480770888
"517",28.291902645,31,3101,"T1","M5","M501a","M501","R",-0.541499725
"518",28.36586251,32,3202,"T1","M5","M501a","M501","R",-0.551774142
"519",28.351356005,33,3304,"T1","M5","M501a","M501","R",-0.494924439
"520",28.24670015,34,3405,"T1","M5","M501a","M501","R",-0.373920585
"521",28.18807588,27,2702,"T1","M5","M501b","M501","R",-0.406249631
"522",28.22796757,28,2803,"T1","M5","M501b","M501","R",-0.427141075
"523",28.25493998,29,2905,"T1","M5","M501b","M501","R",-0.42043036
"524",28.290074385,30,3006,"T1","M5","M501b","M501","R",-0.517355886
"525",28.15756277,31,3102,"T1","M5","M501b","M501","R",-0.583547345
"526",28.11676352,32,3204,"T1","M5","M501b","M501","R",-0.619248014
"527",28.21753066,33,3305,"T1","M5","M501b","M501","R",-0.445387491
"528",28.20249505,34,3401,"T1","M5","M501b","M501","R",-0.44493395
"529",29.073833715,27,2702,"T1","M5","M501c","M501","R",-0.439064993
"530",29.15970212,28,2804,"T1","M5","M501c","M501","R",-0.537745101
"531",29.13200379,29,2905,"T1","M5","M501c","M501","R",-0.55567181
"532",29.14650744,30,3001,"T1","M5","M501c","M501","R",-0.530463696
"533",29.05561506,31,3103,"T1","M5","M501c","M501","R",-0.510553041
"534",29.091817605,32,3204,"T1","M5","M501c","M501","R",-0.509454073
"535",29.02703657,33,3306,"T1","M5","M501c","M501","R",-0.45737538
"536",28.91211814,34,3401,"T1","M5","M501c","M501","R",-0.458826007
"537",29.377231155,27,2703,"T1","M5","M501d","M501","R",-0.396312345
"538",29.540651855,28,2804,"T1","M5","M501d","M501","R",-0.494497039
"539",29.44993647,29,2906,"T1","M5","M501d","M501","R",-0.471799198
"540",29.403191795,30,3001,"T1","M5","M501d","M501","R",-0.583693234
"541",29.355126915,31,3103,"T1","M5","M501d","M501","R",-0.617909382
"542",29.364475595,32,3205,"T1","M5","M501d","M501","R",-0.565269361
"543",29.36887439,33,3306,"T1","M5","M501d","M501","R",-0.426394665
"544",29.387112545,34,3402,"T1","M5","M501d","M501","R",-0.495988178
"545",29.333946675,27,2704,"T2","M5","M502a","M502","R",-0.445027074
"546",29.287617625,28,2805,"T2","M5","M502a","M502","R",-0.488282444
"547",29.25560508,29,2901,"T2","M5","M502a","M502","R",-0.574959468
"548",29.35411946,30,3002,"T2","M5","M502a","M502","R",-0.583631468
"549",29.251682385,31,3104,"T2","M5","M502a","M502","R",-0.687781548
"550",29.339921555,32,3206,"T2","M5","M502a","M502","R",-0.480554639
"551",29.36095908,33,3301,"T2","M5","M502a","M502","R",-0.46438861
"552",29.270233765,34,3403,"T2","M5","M502a","M502","R",-0.348019265
"553",29.261579115,27,2702,"T2","M5","M502b","M502","R",-0.395027087
"554",29.381689145,28,2803,"T2","M5","M502b","M502","R",-0.460522907
"555",29.38091948,29,2905,"T2","M5","M502b","M502","R",-0.441864117
"556",29.35088597,30,3006,"T2","M5","M502b","M502","R",-0.47430636
"557",29.310996065,31,3102,"T2","M5","M502b","M502","R",-0.620016021
"558",29.24302975,32,3204,"T2","M5","M502b","M502","R",-0.481327061
"559",29.306745865,33,3305,"T2","M5","M502b","M502","R",-0.43105117
"560",29.252750945,34,3401,"T2","M5","M502b","M502","R",-0.375091665
"561",29.26259676,27,2701,"T2","M5","M502c","M502","R",-0.388305188
"562",29.27355659,28,2802,"T2","M5","M502c","M502","R",-0.387825103
"563",29.238498395,29,2904,"T2","M5","M502c","M502","R",-0.396509161
"564",29.318144085,30,3005,"T2","M5","M502c","M502","R",-0.454894449
"565",29.310961425,31,3101,"T2","M5","M502c","M502","R",-0.463363363
"566",29.212063775,32,3203,"T2","M5","M502c","M502","R",-0.481631838
"567",29.17911644,33,3304,"T2","M5","M502c","M502","R",-0.343805965
"568",29.193431445,34,3406,"T2","M5","M502c","M502","R",-0.292674382
"569",29.46546559,27,2702,"T2","M5","M502d","M502","R",-0.420209363
"570",29.337882505,28,2804,"T2","M5","M502d","M502","R",-0.430202712
"571",29.440479595,29,2905,"T2","M5","M502d","M502","R",-0.386486384
"572",29.40697218,30,3001,"T2","M5","M502d","M502","R",-0.550642728
"573",29.47974485,31,3103,"T2","M5","M502d","M502","R",-0.589940238
"574",29.32747792,32,3204,"T2","M5","M502d","M502","R",-0.50397836
"575",29.406105945,33,3306,"T2","M5","M502d","M502","R",-0.410324017
"576",29.510334855,34,3401,"T2","M5","M502d","M502","R",-0.324848136
"577",30.500038895,27,2701,"T3","M5","M503a","M503","R",-0.408480537
"578",30.477991635,28,2803,"T3","M5","M503a","M503","R",-0.476002193
"579",30.377063855,29,2904,"T3","M5","M503a","M503","R",-0.451901488
"580",30.371860885,30,3006,"T3","M5","M503a","M503","R",-0.332009417
"581",30.28939975,31,3102,"T3","M5","M503a","M503","R",-0.608268199
"582",30.423050125,32,3203,"T3","M5","M503a","M503","R",-0.502779242
"583",30.402037195,33,3305,"T3","M5","M503a","M503","R",-0.39380318
"584",30.36028088,34,3406,"T3","M5","M503a","M503","R",-0.297237673
"585",30.5620949,27,2703,"T3","M5","M503b","M503","R",-0.440466264
"586",30.471864465,28,2804,"T3","M5","M503b","M503","R",-0.480640078
"587",30.50375077,29,2906,"T3","M5","M503b","M503","R",-0.472449506
"588",30.48170673,30,3001,"T3","M5","M503b","M503","R",-0.448237986
"589",30.29375416,31,3103,"T3","M5","M503b","M503","R",-0.599704345
"590",30.32059529,32,3205,"T3","M5","M503b","M503","R",-0.364337437
"591",30.425420885,33,3306,"T3","M5","M503b","M503","R",-0.406828918
"592",30.315561155,34,3402,"T3","M5","M503b","M503","R",-0.36929813
"593",30.52681377,27,2705,"T3","M5","M503c","M503","R",-0.340421143
"594",30.16835582,28,2806,"T3","M5","M503c","M503","R",-0.405999247
"595",30.43520691,29,2902,"T3","M5","M503c","M503","R",-0.443718577
"596",30.46932537,30,3003,"T3","M5","M503c","M503","R",-0.474230632
"597",30.21551191,31,3105,"T3","M5","M503c","M503","R",-0.543131799
"598",30.42712498,32,3201,"T3","M5","M503c","M503","R",-0.399929399
"599",30.57888932,33,3302,"T3","M5","M503c","M503","R",-0.349876695
"600",30.43314977,34,3404,"T3","M5","M503c","M503","R",-0.316436488
"601",30.173532345,27,2705,"T3","M5","M503d","M503","R",-0.41329122
"602",29.985407325,28,2801,"T3","M5","M503d","M503","R",-0.532718465
"603",30.074466325,29,2902,"T3","M5","M503d","M503","R",-0.484979861
"604",30.17272712,30,3004,"T3","M5","M503d","M503","R",-0.519539624
"605",30.11139117,31,3106,"T3","M5","M503d","M503","R",-0.539942879
"606",29.930606265,32,3201,"T3","M5","M503d","M503","R",-0.497457841
"607",29.995470735,33,3303,"T3","M5","M503d","M503","R",-0.458199533
"608",30.033215805,34,3404,"T3","M5","M503d","M503","R",-0.347694033
"609",30.06650846,27,2705,"C","M5","M50Ca","M50C","R",-0.498883033
"610",29.92754295,28,2806,"C","M5","M50Ca","M50C","R",-0.576505411
"611",30.04331947,29,2902,"C","M5","M50Ca","M50C","R",-0.536621857
"612",29.948496655,30,3003,"C","M5","M50Ca","M50C","R",-0.701750358
"613",30.12288274,31,3105,"C","M5","M50Ca","M50C","R",-0.636907195
"614",30.12511244,32,3201,"C","M5","M50Ca","M50C","R",-0.512933019
"615",30.007358035,33,3302,"C","M5","M50Ca","M50C","R",-0.442865176
"616",30.12240435,34,3404,"C","M5","M50Ca","M50C","R",-0.35335956
"617",30.0503049,27,2702,"C","M5","M50Cb","M50C","R",-0.478604833
"618",30.02434929,28,2804,"C","M5","M50Cb","M50C","R",-0.50944874
"619",30.06914109,29,2905,"C","M5","M50Cb","M50C","R",-0.562430231
"620",29.99665551,30,3001,"C","M5","M50Cb","M50C","R",-0.630812774
"621",30.07060262,31,3103,"C","M5","M50Cb","M50C","R",-0.628480932
"622",29.968110165,32,3204,"C","M5","M50Cb","M50C","R",-0.570206915
"623",29.92916213,33,3306,"C","M5","M50Cb","M50C","R",-0.460942467
"624",30.050941335,34,3401,"C","M5","M50Cb","M50C","R",-0.39342328
"625",31.455521715,27,2701,"C","M5","M50Cc","M50C","R",-0.365832164
"626",31.294172455,28,2802,"C","M5","M50Cc","M50C","R",-0.486257209
"627",31.407467295,29,2904,"C","M5","M50Cc","M50C","R",-0.537697461
"628",31.34936934,30,3005,"C","M5","M50Cc","M50C","R",-0.512011128
"629",31.379657755,31,3101,"C","M5","M50Cc","M50C","R",-0.586566646
"630",31.33998551,32,3203,"C","M5","M50Cc","M50C","R",-0.535886432
"631",31.21168916,33,3304,"C","M5","M50Cc","M50C","R",-0.452804156
"632",31.225473765,34,3406,"C","M5","M50Cc","M50C","R",-0.329939938
"633",31.44194396,27,2701,"C","M5","M50Cd","M50C","R",-2.322717009
"634",31.439874745,28,2803,"C","M5","M50Cd","M50C","R",-2.074003675
"635",31.36961761,29,2904,"C","M5","M50Cd","M50C","R",-2.241822679
"636",31.321017275,30,3006,"C","M5","M50Cd","M50C","R",-2.250455515
"637",31.33250309,31,3102,"C","M5","M50Cd","M50C","R",-2.148722981
"638",31.37693176,32,3203,"C","M5","M50Cd","M50C","R",-2.256516958
"639",31.38428689,33,3305,"C","M5","M50Cd","M50C","R",-1.862827845
"640",31.471049585,34,3407,"C","M5","M50Cd","M50C","R",-1.359147794
"641",31.435326005,27,2705,"T1","M6","M601a","M601","R",-0.363419668
"642",31.31575227,28,2806,"T1","M6","M601a","M601","R",-0.422242705
"643",31.28169072,29,2902,"T1","M6","M601a","M601","R",-0.406690377
"644",31.390963795,30,3003,"T1","M6","M601a","M601","R",-0.509812075
"645",31.2608723,31,3105,"T1","M6","M601a","M601","R",-0.487607523
"646",31.33674537,32,3201,"T1","M6","M601a","M601","R",-0.477141755
"647",31.36257244,33,3302,"T1","M6","M601a","M601","R",-0.463218457
"648",31.320709565,34,3404,"T1","M6","M601a","M601","R",-0.317234974
"649",31.41614239,27,2701,"T1","M6","M601b","M601","R",-0.457893394
"650",31.288192515,28,2802,"T1","M6","M601b","M601","R",-0.555501667
"651",31.31369879,29,2904,"T1","M6","M601b","M601","R",-0.604093314
"652",31.286240605,30,3005,"T1","M6","M601b","M601","R",-0.504542527
"653",31.229983105,31,3101,"T1","M6","M601b","M601","R",-0.603252884
"654",31.238778995,32,3203,"T1","M6","M601b","M601","R",-0.532022166
"655",31.256068605,33,3304,"T1","M6","M601b","M601","R",-0.494776884
"656",31.235567175,34,3406,"T1","M6","M601b","M601","R",-0.452715344
"657",31.321951975,27,2704,"T1","M6","M601c","M601","R",-0.377137894
"658",31.252267745,28,2806,"T1","M6","M601c","M601","R",-0.457697501
"659",31.316854405,29,2901,"T1","M6","M601c","M601","R",-0.493781856
"660",31.32580415,30,3003,"T1","M6","M601c","M601","R",-0.559251354
"661",31.363457575,31,3105,"T1","M6","M601c","M601","R",-0.56351531
"662",31.21954279,32,3206,"T1","M6","M601c","M601","R",-0.561626015
"663",31.419540525,33,3302,"T1","M6","M601c","M601","R",-0.408554424
"664",31.421600225,34,3403,"T1","M6","M601c","M601","R",-0.22305238
"665",31.336803295,27,2705,"T1","M6","M601d","M601","R",-0.355300849
"666",31.297544525,28,2801,"T1","M6","M601d","M601","R",-0.40359398
"667",31.33400728,29,2902,"T1","M6","M601d","M601","R",-0.405437754
"668",31.294099475,30,3004,"T1","M6","M601d","M601","R",-0.467144247
"669",31.389877075,31,3106,"T1","M6","M601d","M601","R",-0.465824088
"670",31.19768445,32,3201,"T1","M6","M601d","M601","R",-0.447238309
"671",31.313615665,33,3303,"T1","M6","M601d","M601","R",-0.314836574
"672",31.35893987,34,3404,"T1","M6","M601d","M601","R",-0.251238788
"673",32.58202413,27,2701,"T2","M6","M602a","M602","R",-0.461592658
"674",32.555130425,28,2803,"T2","M6","M602a","M602","R",-0.457368372
"675",32.522805715,29,2904,"T2","M6","M602a","M602","R",-0.441785343
"676",32.432220355,30,3006,"T2","M6","M602a","M602","R",-0.404741334
"677",32.53686138,31,3102,"T2","M6","M602a","M602","R",-0.449963694
"678",32.45448318,32,3203,"T2","M6","M602a","M602","R",-0.377216673
"679",32.40641242,33,3305,"T2","M6","M602a","M602","R",-0.349992586
"680",32.40609059,34,3406,"T2","M6","M602a","M602","R",-0.317196165
"681",32.53658879,27,2706,"T2","M6","M602b","M602","R",-0.359539869
"682",32.48985324,28,2802,"T2","M6","M602b","M602","R",-0.383536764
"683",32.54473889,29,2903,"T2","M6","M602b","M602","R",-0.398695812
"684",32.46202605,30,3005,"T2","M6","M602b","M602","R",-0.340438331
"685",32.404944755,31,3101,"T2","M6","M602b","M602","R",-0.475173084
"686",32.376713815,32,3202,"T2","M6","M602b","M602","R",-0.44446983
"687",32.55712422,33,3304,"T2","M6","M602b","M602","R",-0.363062916
"688",32.479852835,34,3405,"T2","M6","M602b","M602","R",-0.322187586
"689",32.53213633,27,2705,"T2","M6","M602c","M602","R",-0.399207876
"690",32.328447755,28,2801,"T2","M6","M602c","M602","R",-0.496870145
"691",32.51233687,29,2902,"T2","M6","M602c","M602","R",-0.536706055
"692",32.466736915,30,3004,"T2","M6","M602c","M602","R",-0.496401958
"693",32.325335055,31,3106,"T2","M6","M602c","M602","R",-0.517309167
"694",32.505297345,32,3201,"T2","M6","M602c","M602","R",-0.501683457
"695",32.47950288,33,3303,"T2","M6","M602c","M602","R",-0.382088416
"696",32.419153505,34,3404,"T2","M6","M602c","M602","R",-0.422913952
"697",32.386175265,27,2703,"T2","M6","M602d","M602","R",-0.419678159
"698",32.39670963,28,2805,"T2","M6","M602d","M602","R",-0.374415962
"699",32.40149262,29,2906,"T2","M6","M602d","M602","R",-0.436978665
"700",32.45038575,30,3002,"T2","M6","M602d","M602","R",-0.460820005
"701",32.339457395,31,3104,"T2","M6","M602d","M602","R",-0.468484404
"702",32.342868145,32,3205,"T2","M6","M602d","M602","R",-0.473329399
"703",32.447311195,33,3301,"T2","M6","M602d","M602","R",-0.483477006
"704",32.413366325,34,3402,"T2","M6","M602d","M602","R",-0.352023131
"705",32.37944494,27,2704,"T3","M6","M603a","M603","R",-0.377079522
"706",32.44435799,28,2806,"T3","M6","M603a","M603","R",-0.473666866
"707",32.462226215,29,2901,"T3","M6","M603a","M603","R",-0.397511841
"708",32.47530242,30,3003,"T3","M6","M603a","M603","R",-0.542728052
"709",32.388508985,31,3105,"T3","M6","M603a","M603","R",-0.484429643
"710",32.38730723,32,3206,"T3","M6","M603a","M603","R",-0.393894698
"711",32.456493975,33,3302,"T3","M6","M603a","M603","R",-0.31170581
"712",32.31831103,34,3403,"T3","M6","M603a","M603","R",-0.270101828
"713",32.55467974,27,2706,"T3","M6","M603b","M603","R",-0.350405864
"714",32.496222465,28,2801,"T3","M6","M603b","M603","R",-0.441567322
"715",32.37126328,29,2903,"T3","M6","M603b","M603","R",-0.390586694
"716",32.56344148,30,3004,"T3","M6","M603b","M603","R",-0.461929555
"717",32.519777345,31,3106,"T3","M6","M603b","M603","R",-0.494266026
"718",32.480980655,32,3202,"T3","M6","M603b","M603","R",-0.43112695
"719",32.28836503,33,3303,"T3","M6","M603b","M603","R",-0.346515993
"720",32.48209671,34,3405,"T3","M6","M603b","M603","R",-0.266948143
"721",33.12116363,27,2706,"T3","M6","M603c","M603","R",-0.402380906
"722",33.08150393,28,2802,"T3","M6","M603c","M603","R",-0.465909734
"723",33.015058935,29,2903,"T3","M6","M603c","M603","R",-0.423851494
"724",33.036622965,30,3005,"T3","M6","M603c","M603","R",-0.453898252
"725",33.05494463,31,3101,"T3","M6","M603c","M603","R",-0.460171079
"726",33.083059005,32,3202,"T3","M6","M603c","M603","R",-0.390144397
"727",33.174922625,33,3304,"T3","M6","M603c","M603","R",-0.352124213
"728",32.98174191,34,3405,"T3","M6","M603c","M603","R",-0.338044145
"729",33.226481185,27,2702,"T3","M6","M603d","M603","R",-0.479355145
"730",33.203642755,28,2804,"T3","M6","M603d","M603","R",-0.465540104
"731",33.158120295,29,2905,"T3","M6","M603d","M603","R",-0.474170378
"732",33.013744635,30,3001,"T3","M6","M603d","M603","R",-0.565591522
"733",33.117356915,31,3103,"T3","M6","M603d","M603","R",-0.499948949
"734",33.008670785,32,3204,"T3","M6","M603d","M603","R",-0.537086182
"735",33.00910734,33,3306,"T3","M6","M603d","M603","R",-0.357573599
"736",33.12987064,34,3401,"T3","M6","M603d","M603","R",-0.376419568
"737",33.27791239,27,2706,"C","M6","M60Ca","M60C","R",-0.388577669
"738",33.17628505,28,2802,"C","M6","M60Ca","M60C","R",-0.437369256
"739",33.11838559,29,2903,"C","M6","M60Ca","M60C","R",-0.3847469
"740",33.141422645,30,3005,"C","M6","M60Ca","M60C","R",-0.406330831
"741",33.234129785,31,3101,"C","M6","M60Ca","M60C","R",-0.453141943
"742",33.12939257,32,3202,"C","M6","M60Ca","M60C","R",-0.455845954
"743",33.21998648,33,3304,"C","M6","M60Ca","M60C","R",-0.376847373
"744",33.180355475,34,3405,"C","M6","M60Ca","M60C","R",-0.30504856
"745",33.11741915,27,2704,"C","M6","M60Cb","M60C","R",-0.387118536
"746",33.13844721,28,2805,"C","M6","M60Cb","M60C","R",-0.399422772
"747",33.26058838,29,2901,"C","M6","M60Cb","M60C","R",-0.463030498
"748",33.179211335,30,3002,"C","M6","M60Cb","M60C","R",-0.378291959
"749",33.230027065,31,3104,"C","M6","M60Cb","M60C","R",-0.397253247
"750",33.14598954,32,3206,"C","M6","M60Cb","M60C","R",-0.461161438
"751",33.093841335,33,3301,"C","M6","M60Cb","M60C","R",-0.461034194
"752",33.25299153,34,3403,"C","M6","M60Cb","M60C","R",-0.203581681
"753",32.974775725,27,2706,"C","M6","M60Cc","M60C","R",-0.400662358
"754",33.018056475,28,2801,"C","M6","M60Cc","M60C","R",-0.414206308
"755",33.21034995,29,2903,"C","M6","M60Cc","M60C","R",-0.353910612
"756",33.072978985,30,3004,"C","M6","M60Cc","M60C","R",-0.386913577
"757",33.094313525,31,3106,"C","M6","M60Cc","M60C","R",-0.490772808
"758",33.130887935,32,3202,"C","M6","M60Cc","M60C","R",-0.419014117
"759",33.144474,33,3303,"C","M6","M60Cc","M60C","R",-0.389425989
"760",33.02319064,34,3405,"C","M6","M60Cc","M60C","R",-0.336172308
"761",33.206904665,27,2705,"C","M6","M60Cd","M60C","R",-0.344021342
"762",33.0637045,28,2801,"C","M6","M60Cd","M60C","R",-0.443247579
"763",33.182787155,29,2902,"C","M6","M60Cd","M60C","R",-0.416654314
"764",33.144113265,30,3004,"C","M6","M60Cd","M60C","R",-0.424312131
"765",33.13343354,31,3106,"C","M6","M60Cd","M60C","R",-0.427678709
"766",32.994130505,32,3201,"C","M6","M60Cd","M60C","R",-0.523565839
"767",33.200718715,33,3303,"C","M6","M60Cd","M60C","R",-0.374076921
"768",33.16693719,34,3404,"C","M6","M60Cd","M60C","R",-0.32699223
"769",26.411042815,27,2706,"T1","K2","K201a","K201","GP",0.944549357
"770",26.285931415,28,2801,"T1","K2","K201a","K201","GP",1.080211322
"771",26.442051465,29,2903,"T1","K2","K201a","K201","GP",1.249661946
"772",26.34798866,30,3004,"T1","K2","K201a","K201","GP",0.917723233
"773",26.40792688,31,3106,"T1","K2","K201a","K201","GP",0.912495023
"774",26.495725565,32,3202,"T1","K2","K201a","K201","GP",1.398171405
"775",26.427346165,33,3303,"T1","K2","K201a","K201","GP",1.084311167
"776",26.42070666,34,3405,"T1","K2","K201a","K201","GP",0.48103359
"777",26.418751425,27,2703,"T1","K2","K201b","K201","GP",0.921891138
"778",26.454835115,28,2805,"T1","K2","K201b","K201","GP",0.901125638
"779",26.296779,29,2906,"T1","K2","K201b","K201","GP",0.821747016
"780",26.486800255,30,3002,"T1","K2","K201b","K201","GP",1.10422596
"781",26.35641924,31,3104,"T1","K2","K201b","K201","GP",1.239327476
"782",26.23352487,32,3205,"T1","K2","K201b","K201","GP",1.00739541
"783",26.40047864,33,3301,"T1","K2","K201b","K201","GP",1.20259309
"784",26.26095583,34,3402,"T1","K2","K201b","K201","GP",0.740444309
"785",26.396846925,27,2701,"T1","K2","K201c","K201","GP",0.990289955
"786",26.40850227,28,2803,"T1","K2","K201c","K201","GP",1.053404045
"787",26.28914571,29,2904,"T1","K2","K201c","K201","GP",1.219934754
"788",26.22156436,30,3006,"T1","K2","K201c","K201","GP",0.578296021
"789",26.32101657,31,3102,"T1","K2","K201c","K201","GP",1.374653292
"790",26.438263855,32,3203,"T1","K2","K201c","K201","GP",1.290896787
"791",26.31917945,33,3305,"T1","K2","K201c","K201","GP",0.841044261
"792",26.422506205,34,3406,"T1","K2","K201c","K201","GP",0.353988793
"793",26.425956665,27,2704,"T1","K2","K201d","K201","GP",0.841320413
"794",26.424582585,28,2805,"T1","K2","K201d","K201","GP",0.996991159
"795",26.464896135,29,2901,"T1","K2","K201d","K201","GP",1.322394486
"796",26.344990565,30,3002,"T1","K2","K201d","K201","GP",1.034962991
"797",26.33136031,31,3104,"T1","K2","K201d","K201","GP",1.325326144
"798",26.34300791,32,3206,"T1","K2","K201d","K201","GP",0.836736346
"799",26.469831565,33,3301,"T1","K2","K201d","K201","GP",1.294753811
"800",26.27403809,34,3403,"T1","K2","K201d","K201","GP",0.674844205
"801",26.31821738,27,2706,"T2","K2","K202a","K202","GP",0.921630488
"802",26.40407251,28,2801,"T2","K2","K202a","K202","GP",1.111393512
"803",26.456289475,29,2903,"T2","K2","K202a","K202","GP",1.234973843
"804",26.46780414,30,3004,"T2","K2","K202a","K202","GP",0.821359036
"805",26.378185845,31,3106,"T2","K2","K202a","K202","GP",1.110871355
"806",26.36363632,32,3202,"T2","K2","K202a","K202","GP",1.439797006
"807",26.34473143,33,3303,"T2","K2","K202a","K202","GP",1.230809898
"808",26.41858541,34,3405,"T2","K2","K202a","K202","GP",0.540276944
"809",26.417124825,27,2704,"T2","K2","K202b","K202","GP",0.847309106
"810",26.435232395,28,2806,"T2","K2","K202b","K202","GP",0.825225135
"811",26.33052757,29,2901,"T2","K2","K202b","K202","GP",1.096502114
"812",26.35410647,30,3003,"T2","K2","K202b","K202","GP",0.916649681
"813",26.34727936,31,3105,"T2","K2","K202b","K202","GP",0.986005254
"814",26.288387995,32,3206,"T2","K2","K202b","K202","GP",0.547390645
"815",26.28127358,33,3302,"T2","K2","K202b","K202","GP",0.80222701
"816",26.37220693,34,3403,"T2","K2","K202b","K202","GP",0.276196233
"817",27.0920342,27,2703,"T2","K2","K202c","K202","GP",0.913697041
"818",27.124964555,28,2804,"T2","K2","K202c","K202","GP",0.943417673
"819",27.165666485,29,2906,"T2","K2","K202c","K202","GP",0.880958536
"820",27.17359155,30,3001,"T2","K2","K202c","K202","GP",1.013793783
"821",27.180141105,31,3103,"T2","K2","K202c","K202","GP",1.323013749
"822",27.05098725,32,3205,"T2","K2","K202c","K202","GP",0.968820756
"823",27.13296287,33,3306,"T2","K2","K202c","K202","GP",0.765673108
"824",27.179737005,34,3402,"T2","K2","K202c","K202","GP",0.539952512
"825",26.975087165,27,2705,"T2","K2","K202d","K202","GP",0.999709505
"826",27.165024415,28,2806,"T2","K2","K202d","K202","GP",0.950494688
"827",27.00744033,29,2902,"T2","K2","K202d","K202","GP",1.157177193
"828",27.145403925,30,3003,"T2","K2","K202d","K202","GP",1.067512628
"829",27.227113125,31,3105,"T2","K2","K202d","K202","GP",1.167914937
"830",27.162567765,32,3201,"T2","K2","K202d","K202","GP",1.375382612
"831",27.163459615,33,3302,"T2","K2","K202d","K202","GP",0.906876288
"832",27.127776235,34,3404,"T2","K2","K202d","K202","GP",0.363401365
"833",27.29955911,27,2702,"T3","K2","K203a","K203","GP",0.848773281
"834",27.186243905,28,2803,"T3","K2","K203a","K203","GP",0.912810266
"835",27.17924261,29,2905,"T3","K2","K203a","K203","GP",1.126552322
"836",27.169694225,30,3006,"T3","K2","K203a","K203","GP",0.560633246
"837",27.1069083,31,3102,"T3","K2","K203a","K203","GP",1.395100241
"838",27.14101971,32,3204,"T3","K2","K203a","K203","GP",1.093713484
"839",27.10547157,33,3305,"T3","K2","K203a","K203","GP",0.677116241
"840",27.090344775,34,3401,"T3","K2","K203a","K203","GP",0.374416682
"841",27.09397208,27,2701,"T3","K2","K203b","K203","GP",1.040925516
"842",27.11799962,28,2802,"T3","K2","K203b","K203","GP",1.205428699
"843",27.13402059,29,2904,"T3","K2","K203b","K203","GP",1.141701949
"844",27.065994815,30,3005,"T3","K2","K203b","K203","GP",0.681755675
"845",27.149023385,31,3101,"T3","K2","K203b","K203","GP",1.507139727
"846",27.121660575,32,3203,"T3","K2","K203b","K203","GP",1.429837844
"847",27.23054577,33,3304,"T3","K2","K203b","K203","GP",0.83377776
"848",27.16448477,34,3406,"T3","K2","K203b","K203","GP",0.296372197
"849",27.339594945,27,2703,"T3","K2","K203c","K203","GP",0.871056703
"850",27.24467001,28,2805,"T3","K2","K203c","K203","GP",0.896251723
"851",27.258134545,29,2906,"T3","K2","K203c","K203","GP",0.789402207
"852",27.279009185,30,3002,"T3","K2","K203c","K203","GP",1.058992334
"853",27.273974625,31,3104,"T3","K2","K203c","K203","GP",1.2148614
"854",27.3247067,32,3205,"T3","K2","K203c","K203","GP",0.849305277
"855",27.32596311,33,3301,"T3","K2","K203c","K203","GP",0.990618766
"856",27.359169065,34,3402,"T3","K2","K203c","K203","GP",0.388643626
"857",27.23612863,27,2704,"T3","K2","K203d","K203","GP",0.794656253
"858",27.353807655,28,2805,"T3","K2","K203d","K203","GP",0.842011371
"859",27.25999852,29,2901,"T3","K2","K203d","K203","GP",1.185701699
"860",27.218260735,30,3002,"T3","K2","K203d","K203","GP",0.95294184
"861",27.204587715,31,3104,"T3","K2","K203d","K203","GP",1.11521827
"862",27.243026655,32,3206,"T3","K2","K203d","K203","GP",0.563398756
"863",27.285461115,33,3301,"T3","K2","K203d","K203","GP",1.019626606
"864",27.176283505,34,3403,"T3","K2","K203d","K203","GP",0.332547749
"865",28.31235991,27,2704,"C","K2","K20Ca","K20C","GP",0.988428379
"866",28.33710049,28,2806,"C","K2","K20Ca","K20C","GP",0.881666215
"867",28.31459938,29,2901,"C","K2","K20Ca","K20C","GP",1.348840867
"868",28.342707765,30,3003,"C","K2","K20Ca","K20C","GP",1.099078567
"869",28.234722805,31,3105,"C","K2","K20Ca","K20C","GP",1.360162903
"870",28.191228825,32,3206,"C","K2","K20Ca","K20C","GP",0.842676414
"871",28.274152915,33,3302,"C","K2","K20Ca","K20C","GP",1.090149341
"872",28.27707261,34,3403,"C","K2","K20Ca","K20C","GP",0.497491316
"873",28.56827493,27,2703,"C","K2","K20Cb","K20C","GP",0.856144718
"874",28.459557645,28,2804,"C","K2","K20Cb","K20C","GP",0.766966407
"875",28.520001985,29,2906,"C","K2","K20Cb","K20C","GP",0.681236128
"876",28.44536375,30,3001,"C","K2","K20Cb","K20C","GP",0.863843653
"877",28.556070815,31,3103,"C","K2","K20Cb","K20C","GP",0.954013171
"878",28.412209935,32,3205,"C","K2","K20Cb","K20C","GP",0.691712315
"879",28.492968995,33,3306,"C","K2","K20Cb","K20C","GP",0.362468633
"880",28.46833655,34,3402,"C","K2","K20Cb","K20C","GP",0.2456555
"881",28.40618909,27,2702,"C","K2","K20Cc","K20C","GP",0.992488151
"882",28.30339574,28,2803,"C","K2","K20Cc","K20C","GP",1.065900194
"883",28.31938321,29,2905,"C","K2","K20Cc","K20C","GP",1.159659917
"884",28.362135585,30,3006,"C","K2","K20Cc","K20C","GP",0.640704055
"885",28.3960556,31,3102,"C","K2","K20Cc","K20C","GP",1.394996936
"886",28.3685016,32,3205,"C","K2","K20Cc","K20C","GP",1.194097862
"887",28.40048862,33,3305,"C","K2","K20Cc","K20C","GP",0.874587845
"888",28.682850655,34,3401,"C","K2","K20Cc","K20C","GP",0.580499876
"889",28.51200627,27,2703,"C","K2","K20Cd","K20C","GP",0.905391415
"890",28.527113365,28,2805,"C","K2","K20Cd","K20C","GP",0.973705488
"891",28.50222913,29,2906,"C","K2","K20Cd","K20C","GP",0.876332163
"892",28.533099845,30,3002,"C","K2","K20Cd","K20C","GP",1.153114711
"893",28.6132263,31,3104,"C","K2","K20Cd","K20C","GP",1.231183029
"894",28.56478412,32,3205,"C","K2","K20Cd","K20C","GP",0.893882452
"895",28.55228898,33,3301,"C","K2","K20Cd","K20C","GP",0.999297455
"896",28.580479615,34,3402,"C","K2","K20Cd","K20C","GP",0.382144976
"897",28.307436125,27,2706,"T1","M5","M501a","M501","GP",0.728163435
"898",28.3534906,28,2802,"T1","M5","M501a","M501","GP",0.94482616
"899",28.355797165,29,2903,"T1","M5","M501a","M501","GP",1.06985409
"900",28.30045088,30,3005,"T1","M5","M501a","M501","GP",0.553238613
"901",28.291902645,31,3101,"T1","M5","M501a","M501","GP",1.288523615
"902",28.36586251,32,3202,"T1","M5","M501a","M501","GP",1.196336774
"903",28.351356005,33,3304,"T1","M5","M501a","M501","GP",0.876401885
"904",28.24670015,34,3405,"T1","M5","M501a","M501","GP",0.365716263
"905",28.18807588,27,2702,"T1","M5","M501b","M501","GP",0.839131294
"906",28.22796757,28,2803,"T1","M5","M501b","M501","GP",0.940817768
"907",28.25493998,29,2905,"T1","M5","M501b","M501","GP",1.088353144
"908",28.290074385,30,3006,"T1","M5","M501b","M501","GP",0.509135658
"909",28.15756277,31,3102,"T1","M5","M501b","M501","GP",1.280291642
"910",28.11676352,32,3204,"T1","M5","M501b","M501","GP",1.2073686
"911",28.21753066,33,3305,"T1","M5","M501b","M501","GP",0.835149766
"912",28.20249505,34,3401,"T1","M5","M501b","M501","GP",0.506071694
"913",29.073833715,27,2702,"T1","M5","M501c","M501","GP",0.944681912
"914",29.15970212,28,2804,"T1","M5","M501c","M501","GP",1.081058398
"915",29.13200379,29,2905,"T1","M5","M501c","M501","GP",1.224717213
"916",29.14650744,30,3001,"T1","M5","M501c","M501","GP",1.162693033
"917",29.05561506,31,3103,"T1","M5","M501c","M501","GP",1.190959879
"918",29.091817605,32,3204,"T1","M5","M501c","M501","GP",1.100898767
"919",29.02703657,33,3306,"T1","M5","M501c","M501","GP",0.584858023
"920",28.91211814,34,3401,"T1","M5","M501c","M501","GP",0.567929755
"921",29.377231155,27,2703,"T1","M5","M501d","M501","GP",0.901254631
"922",29.540651855,28,2804,"T1","M5","M501d","M501","GP",1.063587203
"923",29.44993647,29,2906,"T1","M5","M501d","M501","GP",0.868042935
"924",29.403191795,30,3001,"T1","M5","M501d","M501","GP",1.209299737
"925",29.355126915,31,3103,"T1","M5","M501d","M501","GP",1.372544549
"926",29.364475595,32,3205,"T1","M5","M501d","M501","GP",0.935151866
"927",29.36887439,33,3306,"T1","M5","M501d","M501","GP",0.549913168
"928",29.387112545,34,3402,"T1","M5","M501d","M501","GP",0.554198774
"929",29.333946675,27,2704,"T2","M5","M502a","M502","GP",0.842773103
"930",29.287617625,28,2805,"T2","M5","M502a","M502","GP",0.874668515
"931",29.25560508,29,2901,"T2","M5","M502a","M502","GP",1.237749749
"932",29.35411946,30,3002,"T2","M5","M502a","M502","GP",1.002048943
"933",29.251682385,31,3104,"T2","M5","M502a","M502","GP",1.259712615
"934",29.339921555,32,3206,"T2","M5","M502a","M502","GP",0.52760767
"935",29.36095908,33,3301,"T2","M5","M502a","M502","GP",0.893646866
"936",29.270233765,34,3403,"T2","M5","M502a","M502","GP",0.282947422
"937",29.261579115,27,2702,"T2","M5","M502b","M502","GP",0.888637242
"938",29.381689145,28,2803,"T2","M5","M502b","M502","GP",0.968368988
"939",29.38091948,29,2905,"T2","M5","M502b","M502","GP",1.052219479
"940",29.35088597,30,3006,"T2","M5","M502b","M502","GP",0.448842401
"941",29.310996065,31,3102,"T2","M5","M502b","M502","GP",1.200896994
"942",29.24302975,32,3204,"T2","M5","M502b","M502","GP",0.979991643
"943",29.306745865,33,3305,"T2","M5","M502b","M502","GP",0.657870058
"944",29.252750945,34,3401,"T2","M5","M502b","M502","GP",0.345137176
"945",29.26259676,27,2701,"T2","M5","M502c","M502","GP",0.739411416
"946",29.27355659,28,2802,"T2","M5","M502c","M502","GP",0.805906185
"947",29.238498395,29,2904,"T2","M5","M502c","M502","GP",0.906532191
"948",29.318144085,30,3005,"T2","M5","M502c","M502","GP",0.483276238
"949",29.310961425,31,3101,"T2","M5","M502c","M502","GP",1.050484486
"950",29.212063775,32,3203,"T2","M5","M502c","M502","GP",1.000322638
"951",29.17911644,33,3304,"T2","M5","M502c","M502","GP",0.577633383
"952",29.193431445,34,3406,"T2","M5","M502c","M502","GP",0.205865564
"953",29.46546559,27,2702,"T2","M5","M502d","M502","GP",0.858580906
"954",29.337882505,28,2804,"T2","M5","M502d","M502","GP",0.899568449
"955",29.440479595,29,2905,"T2","M5","M502d","M502","GP",0.906230857
"956",29.40697218,30,3001,"T2","M5","M502d","M502","GP",1.067044022
"957",29.47974485,31,3103,"T2","M5","M502d","M502","GP",1.211282714
"958",29.32747792,32,3204,"T2","M5","M502d","M502","GP",1.026972485
"959",29.406105945,33,3306,"T2","M5","M502d","M502","GP",0.440391908
"960",29.510334855,34,3401,"T2","M5","M502d","M502","GP",0.32203843
"961",30.500038895,27,2701,"T3","M5","M503a","M503","GP",0.842087478
"962",30.477991635,28,2803,"T3","M5","M503a","M503","GP",0.912032276
"963",30.377063855,29,2904,"T3","M5","M503a","M503","GP",0.972705537
"964",30.371860885,30,3006,"T3","M5","M503a","M503","GP",0.310695936
"965",30.28939975,31,3102,"T3","M5","M503a","M503","GP",1.173819398
"966",30.423050125,32,3203,"T3","M5","M503a","M503","GP",1.055279098
"967",30.402037195,33,3305,"T3","M5","M503a","M503","GP",0.682315081
"968",30.36028088,34,3406,"T3","M5","M503a","M503","GP",0.195318384
"969",30.5620949,27,2703,"T3","M5","M503b","M503","GP",0.814153724
"970",30.471864465,28,2804,"T3","M5","M503b","M503","GP",0.890181875
"971",30.50375077,29,2906,"T3","M5","M503b","M503","GP",0.708752165
"972",30.48170673,30,3001,"T3","M5","M503b","M503","GP",1.001970038
"973",30.29375416,31,3103,"T3","M5","M503b","M503","GP",1.104020598
"974",30.32059529,32,3205,"T3","M5","M503b","M503","GP",0.731975261
"975",30.425420885,33,3306,"T3","M5","M503b","M503","GP",0.470748925
"976",30.315561155,34,3402,"T3","M5","M503b","M503","GP",0.327004565
"977",30.52681377,27,2705,"T3","M5","M503c","M503","GP",0.706804145
"978",30.16835582,28,2806,"T3","M5","M503c","M503","GP",0.75888471
"979",30.43520691,29,2902,"T3","M5","M503c","M503","GP",1.036062626
"980",30.46932537,30,3003,"T3","M5","M503c","M503","GP",0.805564204
"981",30.21551191,31,3105,"T3","M5","M503c","M503","GP",0.913046138
"982",30.42712498,32,3201,"T3","M5","M503c","M503","GP",1.048377982
"983",30.57888932,33,3302,"T3","M5","M503c","M503","GP",0.783159394
"984",30.43314977,34,3404,"T3","M5","M503c","M503","GP",0.322774258
"985",30.173532345,27,2705,"T3","M5","M503d","M503","GP",0.855638468
"986",29.985407325,28,2801,"T3","M5","M503d","M503","GP",0.966911226
"987",30.074466325,29,2902,"T3","M5","M503d","M503","GP",1.177374823
"988",30.17272712,30,3004,"T3","M5","M503d","M503","GP",0.656281605
"989",30.11139117,31,3106,"T3","M5","M503d","M503","GP",0.740986336
"990",29.930606265,32,3201,"T3","M5","M503d","M503","GP",1.175435499
"991",29.995470735,33,3303,"T3","M5","M503d","M503","GP",0.941761271
"992",30.033215805,34,3404,"T3","M5","M503d","M503","GP",0.309887138
"993",30.06650846,27,2705,"C","M5","M50Ca","M50C","GP",1.006144348
"994",29.92754295,28,2806,"C","M5","M50Ca","M50C","GP",0.952441784
"995",30.04331947,29,2902,"C","M5","M50Ca","M50C","GP",1.330230557
"996",29.948496655,30,3003,"C","M5","M50Ca","M50C","GP",1.165852199
"997",30.12288274,31,3105,"C","M5","M50Ca","M50C","GP",1.176394459
"998",30.12511244,32,3201,"C","M5","M50Ca","M50C","GP",1.214495902
"999",30.007358035,33,3302,"C","M5","M50Ca","M50C","GP",0.945051116
"1000",30.12240435,34,3404,"C","M5","M50Ca","M50C","GP",0.255903726
"1001",30.0503049,27,2702,"C","M5","M50Cb","M50C","GP",0.910401478
"1002",30.02434929,28,2804,"C","M5","M50Cb","M50C","GP",1.035712104
"1003",30.06914109,29,2905,"C","M5","M50Cb","M50C","GP",1.163755436
"1004",29.99665551,30,3001,"C","M5","M50Cb","M50C","GP",1.240023432
"1005",30.07060262,31,3103,"C","M5","M50Cb","M50C","GP",1.305500452
"1006",29.968110165,32,3204,"C","M5","M50Cb","M50C","GP",1.182407054
"1007",29.92916213,33,3306,"C","M5","M50Cb","M50C","GP",0.446985949
"1008",30.050941335,34,3401,"C","M5","M50Cb","M50C","GP",0.404529449
"1009",31.455521715,27,2701,"C","M5","M50Cc","M50C","GP",0.793158892
"1010",31.294172455,28,2802,"C","M5","M50Cc","M50C","GP",1.035217801
"1011",31.407467295,29,2904,"C","M5","M50Cc","M50C","GP",1.121776926
"1012",31.34936934,30,3005,"C","M5","M50Cc","M50C","GP",0.585062363
"1013",31.379657755,31,3101,"C","M5","M50Cc","M50C","GP",1.361066558
"1014",31.33998551,32,3203,"C","M5","M50Cc","M50C","GP",1.168435209
"1015",31.21168916,33,3304,"C","M5","M50Cc","M50C","GP",0.776828729
"1016",31.225473765,34,3406,"C","M5","M50Cc","M50C","GP",0.194702971
"1017",31.44194396,27,2701,"C","M5","M50Cd","M50C","GP",4.185732468
"1018",31.439874745,28,2803,"C","M5","M50Cd","M50C","GP",4.407358502
"1019",31.36961761,29,2904,"C","M5","M50Cd","M50C","GP",4.997190498
"1020",31.321017275,30,3006,"C","M5","M50Cd","M50C","GP",2.087289897
"1021",31.33250309,31,3102,"C","M5","M50Cd","M50C","GP",4.819519871
"1022",31.37693176,32,3203,"C","M5","M50Cd","M50C","GP",4.959308341
"1023",31.38428689,33,3305,"C","M5","M50Cd","M50C","GP",3.078272878
"1024",31.471049585,34,3407,"C","M5","M50Cd","M50C","GP",1.082588956
"1025",31.435326005,27,2705,"T1","M6","M601a","M601","GP",0.823690294
"1026",31.31575227,28,2806,"T1","M6","M601a","M601","GP",0.820010454
"1027",31.28169072,29,2902,"T1","M6","M601a","M601","GP",1.088375622
"1028",31.390963795,30,3003,"T1","M6","M601a","M601","GP",0.986093214
"1029",31.2608723,31,3105,"T1","M6","M601a","M601","GP",1.135925372
"1030",31.33674537,32,3201,"T1","M6","M601a","M601","GP",1.410527376
"1031",31.36257244,33,3302,"T1","M6","M601a","M601","GP",1.011941105
"1032",31.320709565,34,3404,"T1","M6","M601a","M601","GP",0.468161752
"1033",31.41614239,27,2701,"T1","M6","M601b","M601","GP",1.121824333
"1034",31.288192515,28,2802,"T1","M6","M601b","M601","GP",1.306673951
"1035",31.31369879,29,2904,"T1","M6","M601b","M601","GP",1.447960634
"1036",31.286240605,30,3005,"T1","M6","M601b","M601","GP",0.696197175
"1037",31.229983105,31,3101,"T1","M6","M601b","M601","GP",1.569125095
"1038",31.238778995,32,3203,"T1","M6","M601b","M601","GP",1.395455707
"1039",31.256068605,33,3304,"T1","M6","M601b","M601","GP",0.938069658
"1040",31.235567175,34,3406,"T1","M6","M601b","M601","GP",0.33687789
"1041",31.321951975,27,2704,"T1","M6","M601c","M601","GP",0.921200998
"1042",31.252267745,28,2806,"T1","M6","M601c","M601","GP",0.898135957
"1043",31.316854405,29,2901,"T1","M6","M601c","M601","GP",1.454018196
"1044",31.32580415,30,3003,"T1","M6","M601c","M601","GP",1.077598925
"1045",31.363457575,31,3105,"T1","M6","M601c","M601","GP",1.243643437
"1046",31.21954279,32,3206,"T1","M6","M601c","M601","GP",0.692235481
"1047",31.419540525,33,3302,"T1","M6","M601c","M601","GP",0.827998215
"1048",31.421600225,34,3403,"T1","M6","M601c","M601","GP",0.309805362
"1049",31.336803295,27,2705,"T1","M6","M601d","M601","GP",0.843490883
"1050",31.297544525,28,2801,"T1","M6","M601d","M601","GP",0.928615367
"1051",31.33400728,29,2902,"T1","M6","M601d","M601","GP",1.161288651
"1052",31.294099475,30,3004,"T1","M6","M601d","M601","GP",0.69979832
"1053",31.389877075,31,3106,"T1","M6","M601d","M601","GP",0.897283464
"1054",31.19768445,32,3201,"T1","M6","M601d","M601","GP",1.184604618
"1055",31.313615665,33,3303,"T1","M6","M601d","M601","GP",0.782337733
"1056",31.35893987,34,3404,"T1","M6","M601d","M601","GP",0.273269193
"1057",32.58202413,27,2701,"T2","M6","M602a","M602","GP",0.871503758
"1058",32.555130425,28,2803,"T2","M6","M602a","M602","GP",0.981848479
"1059",32.522805715,29,2904,"T2","M6","M602a","M602","GP",0.973433558
"1060",32.432220355,30,3006,"T2","M6","M602a","M602","GP",0.448460247
"1061",32.53686138,31,3102,"T2","M6","M602a","M602","GP",1.111211509
"1062",32.45448318,32,3203,"T2","M6","M602a","M602","GP",0.927342878
"1063",32.40641242,33,3305,"T2","M6","M602a","M602","GP",0.569398326
"1064",32.40609059,34,3406,"T2","M6","M602a","M602","GP",0.205398307
"1065",32.53658879,27,2706,"T2","M6","M602b","M602","GP",0.680333241
"1066",32.48985324,28,2802,"T2","M6","M602b","M602","GP",0.827677008
"1067",32.54473889,29,2903,"T2","M6","M602b","M602","GP",0.968108591
"1068",32.46202605,30,3005,"T2","M6","M602b","M602","GP",0.496145071
"1069",32.404944755,31,3101,"T2","M6","M602b","M602","GP",1.173485921
"1070",32.376713815,32,3202,"T2","M6","M602b","M602","GP",1.05291605
"1071",32.55712422,33,3304,"T2","M6","M602b","M602","GP",0.631684981
"1072",32.479852835,34,3405,"T2","M6","M602b","M602","GP",0.249823551
"1073",32.53213633,27,2705,"T2","M6","M602c","M602","GP",0.923676793
"1074",32.328447755,28,2801,"T2","M6","M602c","M602","GP",1.02446217
"1075",32.51233687,29,2902,"T2","M6","M602c","M602","GP",1.104025806
"1076",32.466736915,30,3004,"T2","M6","M602c","M602","GP",0.654843023
"1077",32.325335055,31,3106,"T2","M6","M602c","M602","GP",0.777257959
"1078",32.505297345,32,3201,"T2","M6","M602c","M602","GP",1.171414173
"1079",32.47950288,33,3303,"T2","M6","M602c","M602","GP",0.607763511
"1080",32.419153505,34,3404,"T2","M6","M602c","M602","GP",0.215680264
"1081",32.386175265,27,2703,"T2","M6","M602d","M602","GP",0.888675206
"1082",32.39670963,28,2805,"T2","M6","M602d","M602","GP",0.824807792
"1083",32.40149262,29,2906,"T2","M6","M602d","M602","GP",0.77925911
"1084",32.45038575,30,3002,"T2","M6","M602d","M602","GP",1.036417203
"1085",32.339457395,31,3104,"T2","M6","M602d","M602","GP",1.150190638
"1086",32.342868145,32,3205,"T2","M6","M602d","M602","GP",0.869712273
"1087",32.447311195,33,3301,"T2","M6","M602d","M602","GP",0.845496092
"1088",32.413366325,34,3402,"T2","M6","M602d","M602","GP",0.214525411
"1089",32.37944494,27,2704,"T3","M6","M603a","M603","GP",0.906970787
"1090",32.44435799,28,2806,"T3","M6","M603a","M603","GP",0.895527917
"1091",32.462226215,29,2901,"T3","M6","M603a","M603","GP",1.130077712
"1092",32.47530242,30,3003,"T3","M6","M603a","M603","GP",1.037783984
"1093",32.388508985,31,3105,"T3","M6","M603a","M603","GP",1.064479242
"1094",32.38730723,32,3206,"T3","M6","M603a","M603","GP",0.577729589
"1095",32.456493975,33,3302,"T3","M6","M603a","M603","GP",0.702863039
"1096",32.31831103,34,3403,"T3","M6","M603a","M603","GP",0.25641441
"1097",32.55467974,27,2706,"T3","M6","M603b","M603","GP",0.696666052
"1098",32.496222465,28,2801,"T3","M6","M603b","M603","GP",0.840795977
"1099",32.37126328,29,2903,"T3","M6","M603b","M603","GP",0.915626699
"1100",32.56344148,30,3004,"T3","M6","M603b","M603","GP",0.596668734
"1101",32.519777345,31,3106,"T3","M6","M603b","M603","GP",0.763984401
"1102",32.480980655,32,3202,"T3","M6","M603b","M603","GP",1.11410967
"1103",32.28836503,33,3303,"T3","M6","M603b","M603","GP",0.744904933
"1104",32.48209671,34,3405,"T3","M6","M603b","M603","GP",0.243028035
"1105",33.12116363,27,2706,"T3","M6","M603c","M603","GP",0.757758871
"1106",33.08150393,28,2802,"T3","M6","M603c","M603","GP",0.944667494
"1107",33.015058935,29,2903,"T3","M6","M603c","M603","GP",0.998754359
"1108",33.036622965,30,3005,"T3","M6","M603c","M603","GP",0.553893932
"1109",33.05494463,31,3101,"T3","M6","M603c","M603","GP",1.088323283
"1110",33.083059005,32,3202,"T3","M6","M603c","M603","GP",1.062380635
"1111",33.174922625,33,3304,"T3","M6","M603c","M603","GP",0.691953238
"1112",32.98174191,34,3405,"T3","M6","M603c","M603","GP",0.218365571
"1113",33.226481185,27,2702,"T3","M6","M603d","M603","GP",0.988476983
"1114",33.203642755,28,2804,"T3","M6","M603d","M603","GP",1.049554581
"1115",33.158120295,29,2905,"T3","M6","M603d","M603","GP",1.084028306
"1116",33.013744635,30,3001,"T3","M6","M603d","M603","GP",1.298171337
"1117",33.117356915,31,3103,"T3","M6","M603d","M603","GP",1.302669633
"1118",33.008670785,32,3204,"T3","M6","M603d","M603","GP",1.221947054
"1119",33.00910734,33,3306,"T3","M6","M603d","M603","GP",0.544512905
"1120",33.12987064,34,3401,"T3","M6","M603d","M603","GP",0.333176919
"1121",33.27791239,27,2706,"C","M6","M60Ca","M60C","GP",0.740932937
"1122",33.17628505,28,2802,"C","M6","M60Ca","M60C","GP",0.970870946
"1123",33.11838559,29,2903,"C","M6","M60Ca","M60C","GP",0.986513507
"1124",33.141422645,30,3005,"C","M6","M60Ca","M60C","GP",0.528698938
"1125",33.234129785,31,3101,"C","M6","M60Ca","M60C","GP",1.212462029
"1126",33.12939257,32,3202,"C","M6","M60Ca","M60C","GP",1.139945572
"1127",33.21998648,33,3304,"C","M6","M60Ca","M60C","GP",0.597208966
"1128",33.180355475,34,3405,"C","M6","M60Ca","M60C","GP",0.183293141
"1129",33.11741915,27,2704,"C","M6","M60Cb","M60C","GP",0.881581251
"1130",33.13844721,28,2805,"C","M6","M60Cb","M60C","GP",0.833239909
"1131",33.26058838,29,2901,"C","M6","M60Cb","M60C","GP",1.092150286
"1132",33.179211335,30,3002,"C","M6","M60Cb","M60C","GP",0.906363896
"1133",33.230027065,31,3104,"C","M6","M60Cb","M60C","GP",1.011009743
"1134",33.14598954,32,3206,"C","M6","M60Cb","M60C","GP",0.591827351
"1135",33.093841335,33,3301,"C","M6","M60Cb","M60C","GP",0.7884598
"1136",33.25299153,34,3403,"C","M6","M60Cb","M60C","GP",0.222288161
"1137",32.974775725,27,2706,"C","M6","M60Cc","M60C","GP",0.780604495
"1138",33.018056475,28,2801,"C","M6","M60Cc","M60C","GP",0.871976369
"1139",33.21034995,29,2903,"C","M6","M60Cc","M60C","GP",0.994001107
"1140",33.072978985,30,3004,"C","M6","M60Cc","M60C","GP",0.576234368
"1141",33.094313525,31,3106,"C","M6","M60Cc","M60C","GP",0.762573913
"1142",33.130887935,32,3202,"C","M6","M60Cc","M60C","GP",1.088036834
"1143",33.144474,33,3303,"C","M6","M60Cc","M60C","GP",0.726774461
"1144",33.02319064,34,3405,"C","M6","M60Cc","M60C","GP",0.132312243
"1145",33.206904665,27,2705,"C","M6","M60Cd","M60C","GP",0.800510323
"1146",33.0637045,28,2801,"C","M6","M60Cd","M60C","GP",0.948343629
"1147",33.182787155,29,2902,"C","M6","M60Cd","M60C","GP",1.086564897
"1148",33.144113265,30,3004,"C","M6","M60Cd","M60C","GP",0.643200054
"1149",33.13343354,31,3106,"C","M6","M60Cd","M60C","GP",0.73093276
"1150",32.994130505,32,3201,"C","M6","M60Cd","M60C","GP",1.242220902
"1151",33.200718715,33,3303,"C","M6","M60Cd","M60C","GP",0.756793072
"1152",33.16693719,34,3404,"C","M6","M60Cd","M60C","GP",0.238324482
